cl,lcl,fw,species,longitude,is_gravid,rcl,stage,sex,id,cw,latitude
21,16,15,A. farensis,-8.01873,FALSE,10,juvenile,?,1,27,37.02606
21,13,16,A. farensis,NA,FALSE,15,juvenile,?,2,27,NA
15,9,10,A. farensis,NA,TRUE,5,juvenile,female,3,19,NA
21,16,19,A. farensis,NA,FALSE,14,juvenile,male or female,4,26,NA
19,8,14,A. farensis,NA,FALSE,7,juvenile,female,5,24,NA
17,7,15,A. farensis,NA,FALSE,6,juvenile,female,6,22,NA
19,14,15,A. farensis,NA,FALSE,9,juvenile,female,7,25,NA
14,13,8,A. farensis,NA,FALSE,5,juvenile,female,8,18,NA
19,10,11,A. farensis,NA,TRUE,10,juvenile,female,9,24,NA
19,12,19,A. farensis,NA,FALSE,12,juvenile,female,10,24,NA
17,8,8,A. farensis,NA,FALSE,13,juvenile,female,11,21,NA
20,16,18,A. farensis,NA,FALSE,15,juvenile,female,12,25,NA
22,13,15,A. farensis,NA,FALSE,11,juvenile, ,13,27,NA
15,9,11,A. farensis,NA,FALSE,10,juvenile,female,14,19,NA
17,8,13,A. farensis,NA,TRUE,6,juvenile,female,15,22,NA
22,19,15,A. farensis,NA,FALSE,16,juvenile, ,16,27,NA
22,13,11,A. farensis,NA,FALSE,12,juvenile,male or female,17,28,NA
14,8,10,A. farensis,NA,FALSE,9,juvenile,female,18,17,NA
17,8,15,A. farensis,NA,FALSE,11,juvenile,female,19,22,NA
18,11,9,A. farensis,NA,FALSE,13,juvenile,female,20,23,NA
21,14,18,A. farensis,NA,FALSE,14,juvenile,-,21,27,NA
14,11,7,A. farensis,NA,FALSE,13,juvenile,female,22,18,NA
22,12,20,A. farensis,NA,FALSE,12,juvenile,?,23,28,NA
22,11,11,A. farensis,NA,FALSE,10,juvenile,?,24,27,NA
14,6,11,A. farensis,NA,FALSE,7,juvenile,female,25,17,NA
18,11,11,A. farensis,NA,FALSE,9,juvenile,female,26,22,NA
17,8,14,A. farensis,NA,FALSE,10,juvenile,female,27,21,NA
21,18,21,A. farensis,NA,FALSE,14,juvenile,?,28,27,NA
18,10,16,A. farensis,NA,FALSE,9,juvenile,female,29,21,NA
21,8,16,A. farensis,NA,FALSE,13,juvenile,,30,26,NA
20,16,14,A. farensis,NA,FALSE,12,juvenile,female,31,25,NA
20,10,18,A. farensis,NA,FALSE,7,juvenile,?,32,26,NA
16,8,12,A. farensis,NA,FALSE,12,juvenile,female,33,21,NA
19,13,13,A. farensis,NA,TRUE,14,juvenile,female,34,24,NA
13,8,9,A. farensis,NA,FALSE,8,juvenile,female,35,16,NA
29,24,25,A. farensis,NA,FALSE,25,pre_puberty,?,36,37,NA
20,14,17,A. farensis,NA,FALSE,10,pre_puberty,female,37,24,NA
21,10,20,A. farensis,NA,FALSE,17,pre_puberty,female,38,27,NA
29,17,21,A. farensis,NA,FALSE,18,pre_puberty,N/R,39,39,NA
26,15,26,A. farensis,NA,FALSE,18,pre_puberty,female,40,34,NA
23,20,15,A. farensis,NA,FALSE,10,pre_puberty,female,41,30,NA
24,15,21,A. farensis,NA,FALSE,14,pre_puberty,female,42,31,NA
19,10,13,A. farensis,NA,TRUE,9,pre_puberty,female,43,25,NA
32,20,31,A. farensis,NA,FALSE,23,pre_puberty, ,44,40,NA
24,12,14,A. farensis,NA,FALSE,20,pre_puberty,female,45,31,NA
30,23,18,A. farensis,NA,FALSE,16,pre_puberty,,46,39,NA
30,26,24,A. farensis,NA,FALSE,23,pre_puberty,male or female,47,38,NA
27,14,23,A. farensis,NA,FALSE,16,pre_puberty,female,48,34,NA
31,15,29,A. farensis,NA,FALSE,17,pre_puberty, ,49,40,NA
26,15,21,A. farensis,NA,FALSE,14,pre_puberty,female,50,34,NA
23,18,14,A. farensis,NA,FALSE,13,pre_puberty,female,51,29,NA
23,13,16,A. farensis,NA,FALSE,13,pre_puberty,female,52,30,NA
24,24,17,A. farensis,NA,FALSE,12,pre_puberty,female,53,30,NA
29,19,26,A. farensis,NA,FALSE,20,pre_puberty,female,54,37,NA
19,12,11,A. farensis,NA,FALSE,12,pre_puberty,female,55,25,NA
28,23,24,A. farensis,NA,FALSE,20,pre_puberty,female,56,36,NA
27,13,26,A. farensis,NA,FALSE,22,pre_puberty,female,57,35,NA
21,13,18,A. farensis,NA,FALSE,11,pre_puberty,female,58,27,NA
22,17,16,A. farensis,NA,FALSE,15,pre_puberty,female,59,28,NA
25,10,25,A. farensis,NA,FALSE,16,pre_puberty,female,60,32,NA
27,16,22,A. farensis,NA,TRUE,18,pre_puberty,female,61,35,NA
31,21,24,A. farensis,NA,FALSE,22,pre_puberty,,62,40,NA
28,22,24,A. farensis,NA,FALSE,16,pre_puberty,female,63,36,NA
26,24,25,A. farensis,NA,FALSE,17,pre_puberty,female,64,33,NA
29,14,16,A. farensis,NA,FALSE,20,pre_puberty,?,65,38,NA
21,11,16,A. farensis,NA,FALSE,13,pre_puberty,female,66,27,NA
22,15,16,A. farensis,NA,FALSE,11,pre_puberty,female,67,28,NA
29,14,23,A. farensis,NA,FALSE,23,pre_puberty, ,68,37,NA
27,15,20,A. farensis,NA,FALSE,18,pre_puberty,female,69,35,NA
22,11,22,A. farensis,NA,FALSE,13,pre_puberty,female,70,28,NA
26,20,21,A. farensis,NA,FALSE,20,sub_adult,female,71,33,NA
28,19,17,A. farensis,NA,FALSE,21,sub_adult,female,72,35,NA
29,22,17,A. farensis,NA,FALSE,21,sub_adult,female,73,37,NA
34,20,28,A. farensis,NA,FALSE,26,sub_adult,female,74,44,NA
29,14,17,A. farensis,NA,FALSE,18,sub_adult,female,75,37,NA
38,25,38,A. farensis,NA,FALSE,27,sub_adult,female,76,49,NA
26,16,25,A. farensis,NA,FALSE,13,sub_adult,female,77,32,NA
32,20,23,A. farensis,NA,FALSE,20,sub_adult,female,78,41,NA
34,15,22,A. farensis,NA,FALSE,23,sub_adult,female,79,44,NA
25,12,25,A. farensis,NA,FALSE,15,sub_adult,female,80,32,NA
36,22,23,A. farensis,NA,FALSE,22,sub_adult,female,81,46,NA
28,14,17,A. farensis,NA,FALSE,14,sub_adult,female,82,36,NA
31,21,25,A. farensis,NA,FALSE,16,sub_adult,female,83,41,NA
37,27,29,A. farensis,NA,FALSE,16,sub_adult,female,84,47,NA
39,23,26,A. farensis,NA,FALSE,26,sub_adult,female,85,51,NA
35,30,20,A. farensis,NA,FALSE,26,sub_adult,female,86,46,NA
29,19,30,A. farensis,NA,FALSE,20,sub_adult,female,87,38,NA
26,15,14,A. farensis,NA,FALSE,17,sub_adult,female,88,34,NA
26,18,21,A. farensis,NA,FALSE,17,sub_adult,female,89,34,NA
30,16,18,A. farensis,NA,FALSE,27,sub_adult,female,90,39,NA
37,22,30,A. farensis,NA,FALSE,29,sub_adult,female,91,48,NA
25,22,14,A. farensis,NA,FALSE,15,sub_adult,female,92,32,NA
29,14,26,A. farensis,NA,FALSE,15,sub_adult,female,93,37,NA
41,33,28,A. farensis,NA,FALSE,34,sub_adult,female,94,54,NA
42,29,30,A. farensis,NA,FALSE,27,sub_adult,female,95,54,NA
38,19,25,A. farensis,NA,FALSE,26,sub_adult,female,96,50,NA
32,14,23,A. farensis,NA,FALSE,24,sub_adult,female,97,40,NA
34,24,27,A. farensis,NA,FALSE,20,sub_adult,female,98,44,NA
38,22,22,A. farensis,NA,FALSE,25,sub_adult,female,99,50,NA
37,19,31,A. farensis,NA,FALSE,24,sub_adult,female,100,47,NA
37,23,19,A. farensis,NA,FALSE,23,sub_adult,female,101,47,NA
29,17,18,A. farensis,NA,FALSE,20,sub_adult,female,102,37,NA
29,15,18,A. farensis,NA,FALSE,20,sub_adult,female,103,37,NA
32,15,26,A. farensis,NA,FALSE,22,sub_adult,female,104,41,NA
42,30,34,A. farensis,NA,FALSE,33,sub_adult,female,105,55,NA
43,25,26,A. farensis,NA,FALSE,25,sub_adult,female,106,55,NA
38,25,22,A. farensis,NA,FALSE,25,sub_adult,female,107,50,NA
39,22,29,A. farensis,NA,FALSE,24,sub_adult,female,108,50,NA
35,25,31,A. farensis,NA,FALSE,22,sub_adult,female,109,45,NA
25,10,21,A. farensis,NA,FALSE,18,sub_adult,female,110,32,NA
36,23,34,A. farensis,NA,FALSE,20,sub_adult,female,111,47,NA
40,27,24,A. farensis,NA,FALSE,24,sub_adult,female,112,52,NA
38,27,32,A. farensis,NA,FALSE,22,sub_adult,female,113,50,NA
33,26,28,A. farensis,NA,FALSE,21,sub_adult,female,114,43,NA
35,28,27,A. farensis,NA,FALSE,24,sub_adult,female,115,45,NA
35,18,37,A. farensis,NA,FALSE,21,sub_adult,female,116,45,NA
26,15,13,A. farensis,NA,FALSE,13,sub_adult,female,117,32,NA
31,19,26,A. farensis,NA,FALSE,19,sub_adult,female,118,41,NA
36,24,26,A. farensis,NA,FALSE,28,sub_adult,female,119,47,NA
40,26,30,A. farensis,NA,FALSE,21,sub_adult,female,120,52,NA
32,20,22,A. farensis,NA,FALSE,19,sub_adult,female,121,41,NA
32,18,32,A. farensis,NA,FALSE,27,sub_adult,female,122,42,NA
36,19,33,A. farensis,NA,TRUE,14,sub_adult,female,123,46,NA
35,32,32,A. farensis,NA,FALSE,26,sub_adult,female,124,46,NA
39,28,39,A. farensis,NA,FALSE,24,sub_adult,female,125,49,NA
32,23,30,A. farensis,NA,FALSE,19,sub_adult,female,126,41,NA
41,26,34,A. farensis,NA,FALSE,25,sub_adult,female,127,54,NA
42,22,47,A. farensis,NA,FALSE,27,sub_adult,female,128,55,NA
29,24,18,A. farensis,NA,FALSE,22,sub_adult,female,129,38,NA
39,20,38,A. farensis,NA,FALSE,23,sub_adult,female,130,49,NA
43,27,41,A. farensis,NA,FALSE,27,sub_adult,female,131,54,NA
36,28,20,A. farensis,NA,FALSE,22,sub_adult,female,132,46,NA
37,29,34,A. farensis,NA,TRUE,25,sub_adult,female,133,47,NA
43,31,39,A. farensis,NA,FALSE,27,sub_adult,female,134,54,NA
40,22,32,A. farensis,NA,FALSE,22,sub_adult,female,135,52,NA
35,22,24,A. farensis,NA,FALSE,25,sub_adult,female,136,46,NA
40,22,21,A. farensis,NA,FALSE,27,sub_adult,female,137,52,NA
27,15,18,A. farensis,NA,FALSE,15,sub_adult,female,138,35,NA
39,21,24,A. farensis,NA,FALSE,20,sub_adult,female,139,50,NA
37,26,25,A. farensis,NA,FALSE,28,sub_adult,female,140,47,NA
28,15,20,A. farensis,NA,FALSE,20,sub_adult,female,141,36,NA
26,21,13,A. farensis,NA,FALSE,10,sub_adult,female,142,34,NA
34,20,32,A. farensis,NA,FALSE,17,sub_adult,female,143,43,NA
39,23,37,A. farensis,NA,FALSE,22,sub_adult,female,144,51,NA
38,20,22,A. farensis,NA,FALSE,24,sub_adult,female,145,50,NA
40,23,25,A. farensis,NA,FALSE,33,sub_adult,female,146,52,NA
28,16,27,A. farensis,NA,FALSE,19,sub_adult,female,147,36,NA
42,31,44,A. farensis,NA,FALSE,23,sub_adult,female,148,55,NA
30,19,16,A. farensis,NA,FALSE,19,sub_adult,female,149,39,NA
28,10,26,A. farensis,NA,FALSE,15,sub_adult,female,150,36,NA
39,27,27,A. farensis,NA,FALSE,24,sub_adult,female,151,49,NA
31,20,15,A. farensis,NA,FALSE,13,sub_adult,female,152,40,NA
39,22,28,A. farensis,NA,TRUE,25,sub_adult,female,153,51,NA
32,19,19,A. farensis,NA,FALSE,18,sub_adult,female,154,41,NA
37,20,27,A. farensis,NA,FALSE,25,sub_adult,female,155,48,NA
39,26,38,A. farensis,NA,FALSE,27,sub_adult,female,156,51,NA
28,18,20,A. farensis,NA,FALSE,16,sub_adult,female,157,37,NA
26,15,18,A. farensis,NA,FALSE,17,sub_adult,female,158,33,NA
28,18,26,A. farensis,NA,FALSE,16,sub_adult,female,159,35,NA
51,26,28,A. farensis,NA,FALSE,33,adult,female,160,67,NA
59,37,42,A. farensis,NA,FALSE,37,adult,female,161,77,NA
47,28,50,A. farensis,NA,FALSE,28,adult,female,162,62,NA
49,34,29,A. farensis,NA,FALSE,31,adult,female,163,64,NA
37,27,33,A. farensis,NA,FALSE,21,adult,female,164,48,NA
47,36,35,A. farensis,NA,FALSE,25,adult,female,165,61,NA
36,28,24,A. farensis,NA,FALSE,27,adult,female,166,47,NA
44,23,36,A. farensis,NA,TRUE,27,adult,female,167,58,NA
41,25,40,A. farensis,NA,FALSE,29,adult,female,168,53,NA
34,17,27,A. farensis,NA,FALSE,27,adult,female,169,45,NA
37,20,41,A. farensis,NA,FALSE,24,adult,female,170,47,NA
53,28,49,A. farensis,NA,FALSE,38,adult,female,171,69,NA
43,19,38,A. farensis,NA,TRUE,33,adult,female,172,56,NA
43,30,31,A. farensis,NA,TRUE,34,adult,female,173,57,NA
45,25,24,A. farensis,NA,FALSE,27,adult,female,174,59,NA
44,23,40,A. farensis,NA,FALSE,30,adult,female,175,57,NA
35,17,25,A. farensis,NA,FALSE,21,adult,female,176,45,NA
56,37,31,A. farensis,NA,FALSE,43,adult,female,177,73,NA
49,38,41,A. farensis,NA,FALSE,35,adult,female,178,64,NA
55,36,33,A. farensis,NA,FALSE,38,adult,female,179,72,NA
54,37,33,A. farensis,NA,FALSE,34,adult,female,180,71,NA
60,45,50,A. farensis,NA,FALSE,43,adult,female,181,77,NA
57,42,35,A. farensis,NA,FALSE,39,adult,female,182,75,NA
40,29,29,A. farensis,NA,FALSE,24,adult,female,183,53,NA
38,20,27,A. farensis,NA,FALSE,25,adult,female,184,50,NA
53,33,48,A. farensis,NA,FALSE,37,adult,female,185,70,NA
54,36,30,A. farensis,NA,FALSE,38,adult,female,186,70,NA
58,33,37,A. farensis,NA,FALSE,44,adult,female,187,77,NA
55,37,52,A. farensis,NA,FALSE,38,adult,female,188,72,NA
35,20,32,A. farensis,NA,FALSE,22,adult,female,189,45,NA
40,18,36,A. farensis,NA,FALSE,28,adult,female,190,52,NA
38,23,23,A. farensis,NA,FALSE,25,adult,female,191,48,NA
55,43,30,A. farensis,NA,FALSE,32,adult,female,192,71,NA
36,26,20,A. farensis,NA,FALSE,18,adult,female,193,45,NA
35,23,25,A. farensis,NA,TRUE,22,adult,female,194,45,NA
34,17,23,A. farensis,NA,FALSE,18,adult,female,195,43,NA
32,19,17,A. farensis,NA,FALSE,21,adult,female,196,42,NA
47,29,38,A. farensis,NA,FALSE,37,adult,female,197,61,NA
34,18,32,A. farensis,NA,FALSE,22,adult,female,198,44,NA
53,38,32,A. farensis,NA,FALSE,39,adult,female,199,70,NA
53,37,39,A. farensis,NA,FALSE,40,adult,female,200,69,NA
57,40,37,A. farensis,NA,FALSE,40,adult,female,201,75,NA
46,32,50,A. farensis,NA,FALSE,29,adult,female,202,61,NA
57,39,31,A. farensis,NA,FALSE,35,adult,female,203,74,NA
44,33,40,A. farensis,NA,FALSE,36,adult,female,204,58,NA
36,20,35,A. farensis,NA,FALSE,17,adult,female,205,46,NA
44,29,24,A. farensis,NA,FALSE,23,adult,female,206,58,NA
61,36,54,A. farensis,NA,FALSE,39,adult,female,207,79,NA
46,26,30,A. farensis,NA,FALSE,24,adult,female,208,59,NA
41,25,23,A. farensis,NA,TRUE,27,adult,female,209,50,NA
39,25,23,A. farensis,NA,FALSE,25,adult,female,210,50,NA
48,35,44,A. farensis,NA,FALSE,22,adult,female,211,62,NA
52,31,40,A. farensis,NA,FALSE,27,adult,female,212,66,NA
41,29,27,A. farensis,NA,FALSE,30,adult,female,213,53,NA
32,22,30,A. farensis,NA,FALSE,22,adult,female,214,42,NA
44,26,27,A. farensis,NA,FALSE,35,adult,female,215,58,NA
56,35,31,A. farensis,NA,FALSE,38,adult,female,216,74,NA
49,41,40,A. farensis,NA,FALSE,34,adult,female,217,63,NA
42,27,41,A. farensis,NA,FALSE,34,adult,female,218,54,NA
47,28,35,A. farensis,NA,FALSE,25,adult,female,219,62,NA
58,48,58,A. farensis,NA,FALSE,47,adult,female,220,76,NA
46,31,43,A. farensis,NA,FALSE,26,adult,female,221,60,NA
36,24,35,A. farensis,NA,FALSE,26,adult,female,222,47,NA
48,32,40,A. farensis,NA,FALSE,32,adult,female,223,62,NA
59,47,31,A. farensis,NA,FALSE,33,adult,female,224,78,NA
40,30,40,A. farensis,NA,FALSE,35,adult,female,225,53,NA
55,38,38,A. farensis,NA,TRUE,41,adult,female,226,73,NA
40,23,28,A. farensis,NA,FALSE,25,adult,female,227,52,NA
36,16,35,A. farensis,NA,FALSE,26,adult,female,228,47,NA
33,30,26,A. farensis,NA,FALSE,21,adult,female,229,42,NA
39,23,35,A. farensis,NA,FALSE,23,adult,female,230,50,NA
41,29,32,A. farensis,NA,FALSE,25,adult,female,231,54,NA
35,21,22,A. farensis,NA,FALSE,19,adult,female,232,46,NA
40,26,33,A. farensis,NA,FALSE,25,adult,female,233,52,NA
31,23,24,A. farensis,NA,FALSE,28,adult,female,234,41,NA
61,44,52,A. farensis,NA,FALSE,32,adult,female,235,80,NA
55,36,54,A. farensis,NA,TRUE,35,adult,female,236,72,NA
34,24,24,A. farensis,NA,FALSE,21,adult,female,237,43,NA
57,42,32,A. farensis,NA,FALSE,39,adult,female,238,75,NA
47,28,37,A. farensis,NA,FALSE,33,adult,female,239,62,NA
44,30,39,A. farensis,NA,FALSE,27,adult,female,240,57,NA
33,20,33,A. farensis,NA,FALSE,23,adult,female,241,43,NA
48,28,28,A. farensis,NA,FALSE,34,adult,female,242,62,NA
33,21,31,A. farensis,NA,FALSE,24,adult,female,243,43,NA
38,21,21,A. farensis,NA,FALSE,29,adult,female,244,48,NA
47,31,32,A. farensis,NA,FALSE,22,adult,female,245,62,NA
46,30,43,A. farensis,NA,FALSE,39,adult,female,246,59,NA
36,21,37,A. farensis,NA,FALSE,21,adult,female,247,46,NA
35,29,19,A. farensis,NA,FALSE,27,adult,female,248,46,NA
18,11,14,A. farensis,NA,FALSE,8,juvenile,male,249,23,NA
23,12,12,A. farensis,NA,FALSE,16,juvenile,-,250,29,NA
17,11,10,A. farensis,NA,FALSE,9,juvenile,male,251,21,NA
16,8,10,A. farensis,NA,FALSE,9,juvenile,male,252,19,NA
16,12,13,A. farensis,NA,FALSE,8,juvenile,male,253,20,NA
19,13,11,A. farensis,NA,FALSE,11,juvenile,male,254,24,NA
14,8,10,A. farensis,NA,FALSE,14,juvenile,male,255,17,NA
21,9,17,A. farensis,NA,FALSE,14,juvenile,male,256,27,NA
14,10,10,A. farensis,NA,FALSE,8,juvenile,male,257,18,NA
18,14,12,A. farensis,NA,FALSE,15,juvenile,male,258,24,NA
19,11,12,A. farensis,NA,FALSE,14,juvenile,male,259,24,NA
20,13,17,A. farensis,NA,FALSE,19,juvenile,male,260,25,NA
21,8,12,A. farensis,NA,FALSE,15,juvenile,male,261,26,NA
15,7,12,A. farensis,NA,FALSE,11,juvenile,male,262,18,NA
16,12,17,A. farensis,NA,FALSE,11,juvenile,male,263,21,NA
23,14,13,A. farensis,NA,FALSE,21,juvenile,N/R,264,29,NA
19,11,17,A. farensis,NA,FALSE,10,juvenile,male,265,23,NA
16,12,10,A. farensis,NA,FALSE,13,juvenile,male,266,19,NA
21,18,15,A. farensis,NA,FALSE,16,juvenile,,267,28,NA
15,13,11,A. farensis,NA,FALSE,10,juvenile,male,268,19,NA
23,19,15,A. farensis,NA,FALSE,17,juvenile,N/R,269,29,NA
22,19,13,A. farensis,NA,FALSE,15,juvenile,,270,28,NA
16,10,14,A. farensis,NA,FALSE,8,juvenile,male,271,19,NA
21,14,12,A. farensis,NA,FALSE,19,juvenile,male,272,27,NA
18,8,18,A. farensis,NA,FALSE,12,juvenile,male,273,23,NA
15,9,14,A. farensis,NA,FALSE,7,juvenile,male,274,19,NA
24,14,13,A. farensis,NA,FALSE,12,juvenile, ,275,28,NA
17,11,12,A. farensis,NA,FALSE,10,juvenile,male,276,21,NA
16,9,9,A. farensis,NA,FALSE,11,juvenile,male,277,21,NA
17,10,16,A. farensis,NA,FALSE,11,juvenile,male,278,22,NA
18,10,18,A. farensis,NA,FALSE,11,juvenile,male,279,23,NA
17,8,13,A. farensis,NA,FALSE,5,juvenile,male,280,21,NA
18,12,13,A. farensis,NA,FALSE,9,juvenile,male,281,23,NA
14,10,12,A. farensis,NA,FALSE,7,juvenile,male,282,17,NA
15,9,12,A. farensis,NA,FALSE,11,juvenile,male,283,19,NA
30,21,19,A. farensis,NA,FALSE,20,pre_puberty, ,284,38,NA
22,18,17,A. farensis,NA,FALSE,8,pre_puberty,male,285,28,NA
20,12,16,A. farensis,NA,FALSE,15,pre_puberty,male,286,26,NA
24,20,24,A. farensis,NA,FALSE,16,pre_puberty,male,287,31,NA
18,13,13,A. farensis,NA,FALSE,8,pre_puberty,male,288,23,NA
23,19,16,A. farensis,NA,FALSE,14,pre_puberty,male,289,28,NA
18,11,10,A. farensis,NA,FALSE,9,pre_puberty,male,290,24,NA
28,20,27,A. farensis,NA,FALSE,19,pre_puberty,N/R,291,36,NA
27,17,18,A. farensis,NA,FALSE,19,pre_puberty,male,292,34,NA
22,14,18,A. farensis,NA,FALSE,19,pre_puberty,male,293,28,NA
23,19,15,A. farensis,NA,FALSE,14,pre_puberty,male,294,29,NA
22,13,21,A. farensis,NA,FALSE,10,pre_puberty,male,295,28,NA
20,5,15,A. farensis,NA,FALSE,13,pre_puberty,male,296,24,NA
27,14,17,A. farensis,NA,FALSE,17,pre_puberty,male,297,35,NA
25,12,17,A. farensis,NA,FALSE,14,pre_puberty,male,298,32,NA
20,14,16,A. farensis,NA,FALSE,8,pre_puberty,male,299,25,NA
19,14,17,A. farensis,NA,FALSE,12,pre_puberty,male,300,24,NA
23,16,23,A. farensis,NA,FALSE,16,pre_puberty,male,301,31,NA
24,19,22,A. farensis,NA,FALSE,14,pre_puberty,male,302,30,NA
19,9,14,A. farensis,NA,FALSE,11,pre_puberty,male,303,24,NA
22,13,12,A. farensis,NA,FALSE,11,pre_puberty,male,304,28,NA
29,21,28,A. farensis,NA,FALSE,24,pre_puberty, ,305,37,NA
29,22,17,A. farensis,NA,FALSE,17,pre_puberty, ,306,37,NA
23,19,22,A. farensis,NA,FALSE,18,pre_puberty,male,307,29,NA
20,14,11,A. farensis,NA,FALSE,9,pre_puberty,male,308,26,NA
22,11,22,A. farensis,NA,FALSE,12,pre_puberty,male,309,28,NA
21,14,15,A. farensis,NA,FALSE,15,pre_puberty,male,310,28,NA
20,11,14,A. farensis,NA,FALSE,12,pre_puberty,male,311,25,NA
30,21,30,A. farensis,NA,FALSE,15,pre_puberty,?,312,38,NA
24,17,20,A. farensis,NA,FALSE,13,pre_puberty,male,313,31,NA
19,11,16,A. farensis,NA,FALSE,8,pre_puberty,male,314,24,NA
20,11,14,A. farensis,NA,FALSE,13,pre_puberty,male,315,26,NA
29,16,15,A. farensis,NA,FALSE,15,pre_puberty, ,316,37,NA
22,12,24,A. farensis,NA,FALSE,16,pre_puberty,male,317,28,NA
26,14,23,A. farensis,NA,FALSE,17,pre_puberty,male,318,33,NA
41,23,22,A. farensis,NA,FALSE,63,sub_adult,male,319,54,NA
43,26,28,A. farensis,NA,FALSE,79,sub_adult,male,320,56,NA
33,21,26,A. farensis,NA,FALSE,62,sub_adult,male,321,42,NA
32,22,25,A. farensis,NA,FALSE,51,sub_adult,male,322,41,NA
27,20,20,A. farensis,NA,FALSE,49,sub_adult,male,323,35,NA
30,16,25,A. farensis,NA,FALSE,51,sub_adult,male,324,39,NA
35,27,31,A. farensis,NA,FALSE,62,sub_adult,male,325,46,NA
42,25,23,A. farensis,NA,FALSE,73,sub_adult,male,326,54,NA
32,22,17,A. farensis,NA,FALSE,52,sub_adult,male,327,41,NA
40,22,43,A. farensis,NA,FALSE,73,sub_adult,male,328,52,NA
38,19,29,A. farensis,NA,FALSE,69,sub_adult,male,329,49,NA
39,21,38,A. farensis,NA,FALSE,83,sub_adult,male,330,50,NA
42,29,34,A. farensis,NA,FALSE,68,sub_adult,male,331,54,NA
25,16,17,A. farensis,NA,FALSE,44,sub_adult,male,332,32,NA
27,20,26,A. farensis,NA,FALSE,43,sub_adult,male,333,36,NA
32,19,19,A. farensis,NA,FALSE,61,sub_adult,male,334,42,NA
37,27,31,A. farensis,NA,FALSE,80,sub_adult,male,335,48,NA
33,22,19,A. farensis,NA,FALSE,51,sub_adult,male,336,44,NA
35,19,36,A. farensis,NA,FALSE,69,sub_adult,male,337,45,NA
30,15,27,A. farensis,NA,FALSE,50,sub_adult,male,338,40,NA
40,22,23,A. farensis,NA,FALSE,68,sub_adult,male,339,52,NA
30,20,29,A. farensis,NA,FALSE,59,sub_adult,male,340,39,NA
32,62,23,A. farensis,NA,FALSE,54,sub_adult,male,341,42,NA
27,13,17,A. farensis,NA,FALSE,52,sub_adult,male,342,34,NA
40,24,32,A. farensis,NA,FALSE,24,sub_adult,male,343,51,NA
31,22,27,A. farensis,NA,FALSE,62,sub_adult,male,344,41,NA
26,15,22,A. farensis,NA,FALSE,21,sub_adult,male,345,33,NA
26,16,21,A. farensis,NA,FALSE,49,sub_adult,male,346,33,NA
42,29,27,A. farensis,NA,FALSE,80,sub_adult,male,347,55,NA
32,19,33,A. farensis,NA,FALSE,59,sub_adult,male,348,41,NA
39,28,37,A. farensis,NA,FALSE,70,sub_adult,male,349,51,NA
42,23,35,A. farensis,NA,FALSE,76,sub_adult,male,350,54,NA
33,22,23,A. farensis,NA,FALSE,57,sub_adult,male,351,43,NA
36,30,35,A. farensis,NA,FALSE,70,sub_adult,male,352,46,NA
27,16,13,A. farensis,NA,FALSE,47,sub_adult,male,353,34,NA
28,19,22,A. farensis,NA,FALSE,59,sub_adult,male,354,36,NA
38,80,34,A. farensis,NA,FALSE,73,sub_adult,male,355,50,NA
34,26,30,A. farensis,NA,FALSE,60,sub_adult,male,356,43,NA
37,32,33,A. farensis,NA,FALSE,60,sub_adult,male,357,48,NA
43,28,40,A. farensis,NA,FALSE,76,sub_adult,male,358,55,NA
34,27,33,A. farensis,NA,FALSE,52,sub_adult,male,359,44,NA
33,24,25,A. farensis,NA,FALSE,53,sub_adult,male,360,43,NA
35,25,22,A. farensis,NA,FALSE,61,sub_adult,male,361,45,NA
37,26,39,A. farensis,NA,FALSE,75,sub_adult,male,362,48,NA
31,17,21,A. farensis,NA,FALSE,57,sub_adult,male,363,39,NA
43,25,39,A. farensis,NA,FALSE,70,sub_adult,male,364,55,NA
37,25,20,A. farensis,NA,FALSE,75,sub_adult,male,365,47,NA
36,18,36,A. farensis,NA,FALSE,66,sub_adult,male,366,46,NA
36,20,31,A. farensis,NA,FALSE,60,sub_adult,male,367,47,NA
42,32,38,A. farensis,NA,FALSE,66,sub_adult,male,368,54,NA
32,22,29,A. farensis,NA,FALSE,70,sub_adult,male,369,41,NA
30,54,28,A. farensis,NA,FALSE,61,sub_adult,male,370,39,NA
27,16,24,A. farensis,NA,FALSE,45,sub_adult,male,371,34,NA
31,21,23,A. farensis,NA,FALSE,48,sub_adult,male,372,40,NA
38,21,34,A. farensis,NA,FALSE,76,sub_adult,male,373,50,NA
27,21,24,A. farensis,NA,FALSE,44,sub_adult,male,374,34,NA
37,22,25,A. farensis,NA,FALSE,70,sub_adult,male,375,49,NA
43,24,35,A. farensis,NA,FALSE,79,sub_adult,male,376,55,NA
28,22,23,A. farensis,NA,FALSE,53,sub_adult,male,377,37,NA
27,16,26,A. farensis,NA,FALSE,42,sub_adult,male,378,35,NA
26,23,13,A. farensis,NA,FALSE,43,sub_adult,male,379,33,NA
40,20,35,A. farensis,NA,FALSE,24,sub_adult,male,380,52,NA
36,17,31,A. farensis,NA,FALSE,62,sub_adult,male,381,46,NA
34,24,27,A. farensis,NA,FALSE,47,sub_adult,male,382,43,NA
31,21,30,A. farensis,NA,FALSE,56,sub_adult,male,383,41,NA
31,17,20,A. farensis,NA,FALSE,55,sub_adult,male,384,39,NA
36,22,22,A. farensis,NA,FALSE,64,sub_adult,male,385,46,NA
39,22,24,A. farensis,NA,FALSE,65,sub_adult,male,386,52,NA
27,18,15,A. farensis,NA,FALSE,47,sub_adult,male,387,34,NA
43,28,25,A. farensis,NA,FALSE,81,sub_adult,male,388,55,NA
28,11,15,A. farensis,NA,FALSE,59,sub_adult,male,389,36,NA
26,16,26,A. farensis,NA,FALSE,45,sub_adult,male,390,34,NA
41,30,25,A. farensis,NA,FALSE,72,sub_adult,male,391,53,NA
34,28,19,A. farensis,NA,FALSE,58,sub_adult,male,392,45,NA
36,26,34,A. farensis,NA,FALSE,65,sub_adult,male,393,48,NA
29,22,25,A. farensis,NA,FALSE,63,sub_adult,male,394,37,NA
37,27,28,A. farensis,NA,FALSE,81,sub_adult,male,395,49,NA
33,25,21,A. farensis,NA,FALSE,60,sub_adult,male,396,44,NA
42,25,25,A. farensis,NA,FALSE,81,sub_adult,male,397,55,NA
42,37,39,A. farensis,NA,FALSE,70,sub_adult,male,398,54,NA
35,22,32,A. farensis,NA,FALSE,62,sub_adult,male,399,45,NA
27,20,24,A. farensis,NA,FALSE,39,sub_adult,male,400,34,NA
26,24,13,A. farensis,NA,FALSE,56,sub_adult,male,401,33,NA
34,22,22,A. farensis,NA,FALSE,60,sub_adult,male,402,44,NA
36,27,25,A. farensis,NA,FALSE,62,sub_adult,male,403,47,NA
33,20,23,A. farensis,NA,FALSE,47,sub_adult,male,404,42,NA
41,24,41,A. farensis,NA,FALSE,79,sub_adult,male,405,53,NA
27,20,15,A. farensis,NA,FALSE,51,sub_adult,male,406,35,NA
42,31,32,A. farensis,NA,FALSE,87,sub_adult,male,407,55,NA
47,34,23,A. farensis,NA,FALSE,82,adult,male,408,62,NA
40,28,40,A. farensis,NA,FALSE,78,adult,male,409,53,NA
52,32,49,A. farensis,NA,FALSE,97,adult,male,410,68,NA
42,24,43,A. farensis,NA,FALSE,76,adult,male,411,55,NA
60,44,53,A. farensis,NA,FALSE,111,adult,male,412,77,NA
46,24,26,A. farensis,NA,FALSE,93,adult,male,413,61,NA
64,39,64,A. farensis,NA,FALSE,102,adult,male,414,84,NA
44,28,29,A. farensis,NA,FALSE,28,adult,male,415,56,NA
43,27,33,A. farensis,NA,FALSE,77,adult,male,416,56,NA
48,24,28,A. farensis,NA,FALSE,83,adult,male,417,61,NA
66,52,69,A. farensis,NA,FALSE,130,adult,male,418,87,NA
53,31,48,A. farensis,NA,FALSE,93,adult,male,419,70,NA
40,25,25,A. farensis,NA,FALSE,72,adult,male,420,52,NA
42,28,39,A. farensis,NA,FALSE,79,adult,male,421,54,NA
55,34,42,A. farensis,NA,FALSE,41,adult,male,422,72,NA
73,52,72,A. farensis,NA,FALSE,134,adult,male,423,97,NA
67,46,41,A. farensis,NA,FALSE,120,adult,male,424,88,NA
58,37,58,A. farensis,NA,FALSE,106,adult,male,425,75,NA
40,26,41,A. farensis,NA,FALSE,59,adult,male,426,52,NA
54,29,55,A. farensis,NA,FALSE,90,adult,male,427,72,NA
50,36,40,A. farensis,NA,FALSE,84,adult,male,428,65,NA
62,38,58,A. farensis,NA,FALSE,139,adult,male,429,82,NA
57,35,57,A. farensis,NA,FALSE,103,adult,male,430,74,NA
56,23,44,A. farensis,NA,FALSE,91,adult,male,431,74,NA
57,38,42,A. farensis,NA,FALSE,97,adult,male,432,75,NA
55,29,33,A. farensis,NA,FALSE,33,adult,male,433,71,NA
40,32,40,A. farensis,NA,FALSE,63,adult,male,434,53,NA
72,58,44,A. farensis,NA,FALSE,117,adult,male,435,94,NA
38,25,38,A. farensis,NA,FALSE,66,adult,male,436,50,NA
53,30,43,A. farensis,NA,FALSE,93,adult,male,437,69,NA
46,29,27,A. farensis,NA,FALSE,39,adult,male,438,60,NA
41,23,43,A. farensis,NA,FALSE,79,adult,male,439,54,NA
55,42,34,A. farensis,NA,FALSE,97,adult,male,440,72,NA
61,49,66,A. farensis,NA,FALSE,105,adult,male,441,81,NA
71,51,64,A. farensis,NA,FALSE,118,adult,male,442,94,NA
51,24,27,A. farensis,NA,FALSE,98,adult,male,443,66,NA
69,50,54,A. farensis,NA,FALSE,130,adult,male,444,91,NA
48,25,32,A. farensis,NA,FALSE,84,adult,male,445,63,NA
54,37,43,A. farensis,NA,FALSE,97,adult,male,446,72,NA
43,28,45,A. farensis,NA,FALSE,76,adult,male,447,56,NA
67,44,58,A. farensis,NA,FALSE,47,adult,male,448,88,NA
62,37,39,A. farensis,NA,FALSE,104,adult,male,449,81,NA
40,18,27,A. farensis,NA,FALSE,70,adult,male,450,52,NA
53,30,33,A. farensis,NA,FALSE,94,adult,male,451,70,NA
52,38,27,A. farensis,NA,FALSE,92,adult,male,452,68,NA
63,42,57,A. farensis,NA,FALSE,125,adult,male,453,83,NA
62,39,38,A. farensis,NA,FALSE,119,adult,male,454,81,NA
52,35,53,A. farensis,NA,FALSE,103,adult,male,455,69,NA
49,25,28,A. farensis,NA,FALSE,31,adult,male,456,64,NA
47,31,49,A. farensis,NA,FALSE,96,adult,male,457,61,NA
62,39,47,A. farensis,NA,FALSE,116,adult,male,458,82,NA
71,48,68,A. farensis,NA,FALSE,135,adult,male,459,92,NA
68,46,61,A. farensis,NA,FALSE,122,adult,male,460,90,NA
52,33,49,A. farensis,NA,FALSE,97,adult,male,461,68,NA
41,27,38,A. farensis,NA,FALSE,97,adult,male,462,53,NA
68,42,58,A. farensis,NA,FALSE,127,adult,male,463,89,NA
40,33,25,A. farensis,NA,FALSE,22,adult,male,464,52,NA
42,27,31,A. farensis,NA,FALSE,65,adult,male,465,54,NA
61,42,58,A. farensis,NA,FALSE,101,adult,male,466,80,NA
50,29,24,A. farensis,NA,FALSE,93,adult,male,467,64,NA
44,33,24,A. farensis,NA,FALSE,69,adult,male,468,58,NA
52,32,48,A. farensis,NA,FALSE,104,adult,male,469,68,NA
69,49,43,A. farensis,NA,FALSE,118,adult,male,470,91,NA
50,27,35,A. farensis,NA,FALSE,103,adult,male,471,66,NA
38,19,32,A. farensis,NA,FALSE,68,adult,male,472,49,NA
71,47,74,A. farensis,NA,FALSE,128,adult,male,473,93,NA
73,44,40,A. farensis,NA,FALSE,148,adult,male,474,95,NA
56,39,36,A. farensis,NA,FALSE,99,adult,male,475,73,NA
55,38,47,A. farensis,NA,FALSE,96,adult,male,476,71,NA
60,40,33,A. farensis,NA,FALSE,39,adult,male,477,78,NA
70,49,49,A. farensis,NA,FALSE,135,adult,male,478,93,NA
44,33,42,A. farensis,NA,FALSE,66,adult,male,479,57,NA
66,43,42,A. farensis,NA,FALSE,117,adult,male,480,87,NA
46,31,40,A. farensis,NA,FALSE,80,adult,male,481,60,NA
59,38,40,A. farensis,NA,FALSE,42,adult,male,482,77,NA
69,50,70,A. farensis,NA,FALSE,132,adult,male,483,90,NA
42,25,33,A. farensis,NA,FALSE,65,adult,male,484,55,NA
70,53,66,A. farensis,NA,FALSE,131,adult,male,485,92,NA
54,37,51,A. farensis,NA,FALSE,88,adult,male,486,71,NA
70,40,71,A. farensis,NA,FALSE,117,adult,male,487,92,NA
46,30,38,A. farensis,NA,FALSE,77,adult,male,488,61,NA
41,22,37,A. farensis,NA,FALSE,89,adult,male,489,53,NA
39,25,21,A. farensis,NA,FALSE,18,adult,male,490,51,NA
73,47,49,A. farensis,NA,FALSE,139,adult,male,491,97,NA
56,38,38,A. farensis,NA,FALSE,106,adult,male,492,72,NA
68,39,47,A. farensis,NA,FALSE,107,adult,male,493,90,NA
52,37,33,A. farensis,NA,FALSE,116,adult,male,494,69,NA
55,37,58,A. farensis,NA,FALSE,95,adult,male,495,73,NA
45,28,38,A. farensis,NA,FALSE,96,adult,male,496,58,NA
12,9,6,U. olhanensis,NA,FALSE,9,juvenile,,497,16,NA
14,9,6,U. olhanensis,NA,FALSE,8,juvenile,female,498,16,NA
12,14,6,U. olhanensis,NA,FALSE,10,juvenile,female,499,15,NA
8,5,4,U. olhanensis,NA,FALSE,5,juvenile,female,500,10,NA
10,9,7,U. olhanensis,NA,FALSE,6,juvenile,female,501,13,NA
9,8,5,U. olhanensis,NA,FALSE,3,juvenile, ,502,11,NA
13,10,6,U. olhanensis,NA,FALSE,9,juvenile,female,503,15,NA
10,11,4,U. olhanensis,NA,FALSE,8,juvenile,female,504,13,NA
10,8,5,U. olhanensis,NA,FALSE,8,juvenile,female,505,13,NA
9,7,4,U. olhanensis,NA,FALSE,6,juvenile,female,506,11,NA
11,11,5,U. olhanensis,NA,FALSE,9,juvenile,female,507,14,NA
12,6,8,U. olhanensis,NA,FALSE,9,juvenile,female,508,14,NA
13,12,8,U. olhanensis,NA,FALSE,7,juvenile,female,509,17,NA
11,9,8,U. olhanensis,NA,FALSE,9,juvenile,female,510,16,NA
8,6,5,U. olhanensis,NA,TRUE,7,juvenile,female,511,10,NA
9,2,4,U. olhanensis,NA,FALSE,6,juvenile,female,512,11,NA
11,7,6,U. olhanensis,NA,FALSE,8,juvenile,female,513,15,NA
9,6,4,U. olhanensis,NA,FALSE,9,juvenile,female,514,13,NA
13,12,4,U. olhanensis,NA,FALSE,13,juvenile,female,515,15,NA
12,11,7,U. olhanensis,NA,FALSE,13,juvenile,female,516,16,NA
11,11,7,U. olhanensis,NA,FALSE,9,juvenile,female,517,15,NA
10,11,7,U. olhanensis,NA,FALSE,6,juvenile,female,518,13,NA
8,7,4,U. olhanensis,NA,TRUE,5,juvenile,female,519,11,NA
9,6,4,U. olhanensis,NA,FALSE,4,juvenile,,520,11,NA
14,8,7,U. olhanensis,NA,FALSE,11,juvenile,female,521,17,NA
8,6,5,U. olhanensis,NA,FALSE,6,juvenile,female,522,10,NA
13,10,7,U. olhanensis,NA,FALSE,9,juvenile,,523,17,NA
12,10,7,U. olhanensis,NA,FALSE,5,juvenile,female,524,15,NA
9,8,5,U. olhanensis,NA,FALSE,4,juvenile,female,525,12,NA
9,5,4,U. olhanensis,NA,FALSE,5,juvenile,female,526,11,NA
11,6,6,U. olhanensis,NA,FALSE,9,juvenile,female,527,14,NA
12,8,6,U. olhanensis,NA,FALSE,7,juvenile, ,528,11,NA
9,6,5,U. olhanensis,NA,FALSE,7,juvenile,?,529,13,NA
10,10,5,U. olhanensis,NA,FALSE,5,juvenile,female,530,13,NA
11,11,6,U. olhanensis,NA,FALSE,9,juvenile,female,531,13,NA
12,17,7,U. olhanensis,NA,FALSE,9,juvenile,female,532,14,NA
10,7,5,U. olhanensis,NA,FALSE,10,juvenile,female,533,13,NA
12,10,7,U. olhanensis,NA,FALSE,9,juvenile,male or female,534,15,NA
12,10,4,U. olhanensis,NA,FALSE,8,juvenile,female,535,16,NA
11,7,6,U. olhanensis,NA,FALSE,7,juvenile,female,536,15,NA
14,3,8,U. olhanensis,NA,FALSE,3,juvenile,female,537,17,NA
12,11,7,U. olhanensis,NA,FALSE,7,juvenile,female,538,16,NA
11,7,4,U. olhanensis,NA,FALSE,6,juvenile,female,539,12,NA
12,8,7,U. olhanensis,NA,FALSE,13,juvenile,female,540,16,NA
13,8,5,U. olhanensis,NA,TRUE,7,juvenile,female,541,17,NA
8,5,3,U. olhanensis,NA,FALSE,9,juvenile,female,542,11,NA
12,10,7,U. olhanensis,NA,FALSE,8,juvenile,female,543,14,NA
11,3,5,U. olhanensis,NA,FALSE,5,juvenile,female,544,12,NA
10,10,6,U. olhanensis,NA,FALSE,7,juvenile,female,545,13,NA
13,8,10,U. olhanensis,NA,FALSE,9,juvenile,female,546,17,NA
11,14,7,U. olhanensis,NA,FALSE,12,juvenile,female,547,14,NA
8,6,5,U. olhanensis,NA,FALSE,7,juvenile,,548,11,NA
12,11,5,U. olhanensis,NA,TRUE,10,juvenile,female,549,15,NA
12,7,6,U. olhanensis,NA,FALSE,10,juvenile,male or female,550,16,NA
19,15,7,U. olhanensis,NA,FALSE,13,pre_puberty,female,551,20,NA
15,7,9,U. olhanensis,NA,FALSE,13,pre_puberty,female,552,19,NA
18,17,9,U. olhanensis,NA,FALSE,15,pre_puberty,female,553,25,NA
15,12,8,U. olhanensis,NA,FALSE,9,pre_puberty,female,554,20,NA
16,16,10,U. olhanensis,NA,FALSE,8,pre_puberty,female,555,21,NA
13,9,6,U. olhanensis,NA,FALSE,14,pre_puberty,female,556,15,NA
12,8,6,U. olhanensis,NA,FALSE,19,pre_puberty,female,557,16,NA
15,15,7,U. olhanensis,NA,FALSE,13,pre_puberty,female,558,20,NA
14,13,7,U. olhanensis,NA,FALSE,8,pre_puberty,female,559,18,NA
13,16,9,U. olhanensis,NA,FALSE,12,pre_puberty,female,560,18,NA
14,10,9,U. olhanensis,NA,FALSE,11,pre_puberty,?,561,19,NA
15,15,7,U. olhanensis,NA,FALSE,9,pre_puberty,female,562,21,NA
13,12,5,U. olhanensis,NA,FALSE,10,pre_puberty,female,563,18,NA
18,15,8,U. olhanensis,NA,FALSE,15,pre_puberty,female,564,25,NA
12,8,6,U. olhanensis,NA,FALSE,9,pre_puberty,female,565,17,NA
18,14,13,U. olhanensis,NA,FALSE,12,pre_puberty,,566,24,NA
17,12,8,U. olhanensis,NA,FALSE,9,pre_puberty,female,567,20,NA
16,10,9,U. olhanensis,NA,FALSE,14,pre_puberty,female,568,20,NA
18,11,12,U. olhanensis,NA,TRUE,15,pre_puberty,female,569,24,NA
16,12,9,U. olhanensis,NA,TRUE,12,pre_puberty,female,570,21,NA
12,7,5,U. olhanensis,NA,FALSE,10,pre_puberty,female,571,15,NA
17,13,10,U. olhanensis,NA,FALSE,11,pre_puberty,female,572,23,NA
17,16,7,U. olhanensis,NA,FALSE,12,pre_puberty,female,573,22,NA
11,10,7,U. olhanensis,NA,FALSE,8,pre_puberty,female,574,15,NA
17,14,9,U. olhanensis,NA,FALSE,11,pre_puberty,female,575,23,NA
15,9,8,U. olhanensis,NA,FALSE,10,pre_puberty, ,576,19,NA
17,13,8,U. olhanensis,NA,FALSE,19,pre_puberty,female,577,23,NA
13,8,6,U. olhanensis,NA,FALSE,11,pre_puberty, ,578,17,NA
13,8,7,U. olhanensis,NA,FALSE,8,pre_puberty,female,579,17,NA
12,11,5,U. olhanensis,NA,FALSE,9,pre_puberty,female,580,16,NA
11,5,5,U. olhanensis,NA,FALSE,5,pre_puberty,female,581,16,NA
14,11,8,U. olhanensis,NA,FALSE,12,pre_puberty,male or female,582,19,NA
18,10,11,U. olhanensis,NA,TRUE,15,pre_puberty,female,583,24,NA
19,10,9,U. olhanensis,NA,FALSE,10,pre_puberty,female,584,20,NA
18,17,10,U. olhanensis,NA,TRUE,14,pre_puberty,female,585,23,NA
17,16,9,U. olhanensis,NA,FALSE,14,pre_puberty,female,586,23,NA
12,9,6,U. olhanensis,NA,FALSE,4,pre_puberty,male or female,587,15,NA
12,8,5,U. olhanensis,NA,FALSE,12,pre_puberty,female,588,16,NA
14,12,6,U. olhanensis,NA,FALSE,10,pre_puberty,female,589,16,NA
16,12,9,U. olhanensis,NA,FALSE,16,pre_puberty,female,590,22,NA
13,8,6,U. olhanensis,NA,FALSE,9,pre_puberty,female,591,16,NA
15,13,7,U. olhanensis,NA,FALSE,13,pre_puberty,?,592,20,NA
13,9,6,U. olhanensis,NA,FALSE,19,pre_puberty,female,593,16,NA
13,16,9,U. olhanensis,NA,FALSE,6,pre_puberty,female,594,18,NA
18,12,11,U. olhanensis,NA,FALSE,15,pre_puberty,N/R,595,25,NA
16,6,9,U. olhanensis,NA,FALSE,9,pre_puberty,female,596,21,NA
18,18,9,U. olhanensis,NA,FALSE,13,pre_puberty,female,597,24,NA
12,11,7,U. olhanensis,NA,FALSE,8,pre_puberty,,598,16,NA
15,13,7,U. olhanensis,NA,FALSE,14,pre_puberty,female,599,21,NA
16,17,10,U. olhanensis,NA,FALSE,11,pre_puberty,female,600,23,NA
16,13,8,U. olhanensis,NA,FALSE,9,pre_puberty,female,601,21,NA
13,17,6,U. olhanensis,NA,FALSE,8,pre_puberty,female,602,18,NA
15,12,7,U. olhanensis,NA,FALSE,15,pre_puberty,female,603,19,NA
15,14,10,U. olhanensis,NA,FALSE,12,pre_puberty,female,604,20,NA
12,9,6,U. olhanensis,NA,FALSE,15,pre_puberty,female,605,17,NA
17,12,12,U. olhanensis,NA,FALSE,12,pre_puberty,female,606,23,NA
15,9,9,U. olhanensis,NA,FALSE,12,pre_puberty,female,607,20,NA
18,17,12,U. olhanensis,NA,FALSE,14,pre_puberty,,608,24,NA
18,17,12,U. olhanensis,NA,FALSE,18,pre_puberty,female,609,25,NA
14,10,6,U. olhanensis,NA,TRUE,6,pre_puberty,female,610,19,NA
13,13,7,U. olhanensis,NA,FALSE,8,pre_puberty,female,611,16,NA
16,11,7,U. olhanensis,NA,FALSE,15,pre_puberty,female,612,21,NA
17,18,9,U. olhanensis,NA,FALSE,13,pre_puberty,female,613,24,NA
18,14,9,U. olhanensis,NA,FALSE,17,pre_puberty,?,614,23,NA
18,15,11,U. olhanensis,NA,FALSE,13,pre_puberty,female,615,24,NA
17,16,7,U. olhanensis,NA,TRUE,8,pre_puberty,female,616,22,NA
16,11,8,U. olhanensis,NA,FALSE,12,pre_puberty,female,617,19,NA
14,10,6,U. olhanensis,NA,FALSE,12,pre_puberty,,618,19,NA
18,13,11,U. olhanensis,NA,FALSE,16,pre_puberty,female,619,22,NA
16,9,8,U. olhanensis,NA,FALSE,14,pre_puberty,female,620,22,NA
15,12,8,U. olhanensis,NA,FALSE,12,pre_puberty,female,621,18,NA
23,16,13,U. olhanensis,NA,FALSE,18,sub_adult,female,622,31,NA
16,14,7,U. olhanensis,NA,FALSE,17,sub_adult,female,623,21,NA
27,20,16,U. olhanensis,NA,FALSE,21,sub_adult,female,624,34,NA
24,23,12,U. olhanensis,NA,FALSE,21,sub_adult,female,625,33,NA
21,10,12,U. olhanensis,NA,FALSE,15,sub_adult,female,626,28,NA
24,15,11,U. olhanensis,NA,TRUE,20,sub_adult,female,627,30,NA
22,17,14,U. olhanensis,NA,FALSE,15,sub_adult,female,628,30,NA
24,20,10,U. olhanensis,NA,FALSE,14,sub_adult,female,629,31,NA
16,16,10,U. olhanensis,NA,FALSE,11,sub_adult,female,630,22,NA
24,15,16,U. olhanensis,NA,FALSE,19,sub_adult,female,631,34,NA
17,13,8,U. olhanensis,NA,FALSE,17,sub_adult,female,632,23,NA
21,14,12,U. olhanensis,NA,FALSE,18,sub_adult,female,633,26,NA
21,18,13,U. olhanensis,NA,TRUE,21,sub_adult,female,634,28,NA
22,19,10,U. olhanensis,NA,FALSE,19,sub_adult,female,635,30,NA
20,17,13,U. olhanensis,NA,FALSE,17,sub_adult,female,636,28,NA
21,19,11,U. olhanensis,NA,FALSE,16,sub_adult,female,637,30,NA
24,13,10,U. olhanensis,NA,FALSE,20,sub_adult,female,638,30,NA
23,17,11,U. olhanensis,NA,FALSE,18,sub_adult,female,639,31,NA
19,15,8,U. olhanensis,NA,FALSE,21,sub_adult,female,640,26,NA
22,18,9,U. olhanensis,NA,FALSE,15,sub_adult,female,641,29,NA
22,15,10,U. olhanensis,NA,TRUE,24,sub_adult,female,642,29,NA
21,16,10,U. olhanensis,NA,FALSE,11,sub_adult,female,643,28,NA
25,23,17,U. olhanensis,NA,FALSE,23,sub_adult,female,644,34,NA
17,13,10,U. olhanensis,NA,FALSE,13,sub_adult,female,645,23,NA
25,18,14,U. olhanensis,NA,FALSE,22,sub_adult,female,646,34,NA
16,12,9,U. olhanensis,NA,FALSE,15,sub_adult,female,647,22,NA
17,11,8,U. olhanensis,NA,FALSE,13,sub_adult,female,648,23,NA
26,16,16,U. olhanensis,NA,FALSE,15,sub_adult,female,649,33,NA
20,13,11,U. olhanensis,NA,FALSE,19,sub_adult,female,650,27,NA
17,15,10,U. olhanensis,NA,TRUE,15,sub_adult,female,651,23,NA
15,11,10,U. olhanensis,NA,FALSE,11,sub_adult,female,652,21,NA
22,18,10,U. olhanensis,NA,FALSE,16,sub_adult,female,653,29,NA
21,19,9,U. olhanensis,NA,FALSE,17,sub_adult,female,654,28,NA
16,11,9,U. olhanensis,NA,FALSE,13,sub_adult,female,655,22,NA
22,19,13,U. olhanensis,NA,FALSE,17,sub_adult,female,656,30,NA
22,25,12,U. olhanensis,NA,FALSE,19,sub_adult,female,657,30,NA
25,24,11,U. olhanensis,NA,FALSE,18,sub_adult,female,658,34,NA
25,17,14,U. olhanensis,NA,FALSE,28,sub_adult,female,659,35,NA
16,11,9,U. olhanensis,NA,FALSE,11,sub_adult,female,660,21,NA
16,13,9,U. olhanensis,NA,FALSE,10,sub_adult,female,661,21,NA
23,19,14,U. olhanensis,NA,FALSE,22,sub_adult,female,662,32,NA
23,18,12,U. olhanensis,NA,FALSE,22,sub_adult,female,663,32,NA
26,22,17,U. olhanensis,NA,FALSE,26,sub_adult,female,664,35,NA
18,10,8,U. olhanensis,NA,FALSE,11,sub_adult,female,665,22,NA
24,16,12,U. olhanensis,NA,FALSE,21,sub_adult,female,666,32,NA
24,23,16,U. olhanensis,NA,FALSE,23,sub_adult,female,667,34,NA
19,13,9,U. olhanensis,NA,FALSE,17,sub_adult,female,668,25,NA
20,19,11,U. olhanensis,NA,FALSE,18,sub_adult,female,669,27,NA
15,15,6,U. olhanensis,NA,FALSE,13,sub_adult,female,670,21,NA
16,10,9,U. olhanensis,NA,FALSE,12,sub_adult,female,671,21,NA
19,14,10,U. olhanensis,NA,FALSE,21,sub_adult,female,672,24,NA
16,13,10,U. olhanensis,NA,FALSE,16,sub_adult,female,673,23,NA
22,19,10,U. olhanensis,NA,FALSE,19,sub_adult,female,674,30,NA
20,15,8,U. olhanensis,NA,FALSE,17,sub_adult,female,675,26,NA
17,14,10,U. olhanensis,NA,FALSE,12,sub_adult,female,676,23,NA
20,14,12,U. olhanensis,NA,FALSE,19,sub_adult,female,677,28,NA
26,20,12,U. olhanensis,NA,FALSE,23,sub_adult,female,678,33,NA
21,15,13,U. olhanensis,NA,FALSE,16,sub_adult,female,679,27,NA
15,11,9,U. olhanensis,NA,FALSE,9,sub_adult,female,680,20,NA
16,12,8,U. olhanensis,NA,FALSE,12,sub_adult,female,681,21,NA
24,22,17,U. olhanensis,NA,FALSE,18,sub_adult,female,682,33,NA
18,17,11,U. olhanensis,NA,FALSE,20,sub_adult,female,683,24,NA
22,21,9,U. olhanensis,NA,FALSE,19,sub_adult,female,684,29,NA
19,12,11,U. olhanensis,NA,FALSE,21,sub_adult,female,685,26,NA
15,11,6,U. olhanensis,NA,FALSE,9,sub_adult,female,686,20,NA
24,25,13,U. olhanensis,NA,FALSE,23,sub_adult,female,687,33,NA
26,22,11,U. olhanensis,NA,FALSE,21,sub_adult,female,688,31,NA
15,13,7,U. olhanensis,NA,FALSE,8,sub_adult,female,689,20,NA
19,15,11,U. olhanensis,NA,FALSE,11,sub_adult,female,690,25,NA
17,11,7,U. olhanensis,NA,FALSE,15,sub_adult,female,691,23,NA
23,21,15,U. olhanensis,NA,TRUE,21,sub_adult,female,692,32,NA
16,13,8,U. olhanensis,NA,FALSE,14,sub_adult,female,693,21,NA
20,20,9,U. olhanensis,NA,FALSE,17,sub_adult,female,694,28,NA
25,21,12,U. olhanensis,NA,FALSE,13,sub_adult,female,695,34,NA
25,16,14,U. olhanensis,NA,FALSE,23,sub_adult,female,696,34,NA
17,11,8,U. olhanensis,NA,FALSE,14,sub_adult,female,697,23,NA
20,15,13,U. olhanensis,NA,FALSE,16,sub_adult,female,698,28,NA
27,24,15,U. olhanensis,NA,FALSE,18,sub_adult,female,699,35,NA
18,12,9,U. olhanensis,NA,FALSE,17,sub_adult,female,700,25,NA
26,27,12,U. olhanensis,NA,FALSE,26,sub_adult,female,701,33,NA
19,14,9,U. olhanensis,NA,FALSE,10,sub_adult,female,702,25,NA
25,14,16,U. olhanensis,NA,FALSE,18,sub_adult,female,703,35,NA
23,20,11,U. olhanensis,NA,FALSE,18,sub_adult,female,704,31,NA
16,11,8,U. olhanensis,NA,TRUE,10,sub_adult,female,705,21,NA
21,20,11,U. olhanensis,NA,TRUE,14,sub_adult,female,706,26,NA
19,12,9,U. olhanensis,NA,FALSE,13,sub_adult,female,707,26,NA
25,20,17,U. olhanensis,NA,FALSE,27,sub_adult,female,708,34,NA
27,16,10,U. olhanensis,NA,TRUE,23,sub_adult,female,709,35,NA
18,11,9,U. olhanensis,NA,FALSE,21,sub_adult,female,710,23,NA
22,20,13,U. olhanensis,NA,FALSE,25,sub_adult,female,711,31,NA
24,23,11,U. olhanensis,NA,FALSE,17,sub_adult,female,712,33,NA
18,18,8,U. olhanensis,NA,FALSE,10,sub_adult,female,713,25,NA
21,14,9,U. olhanensis,NA,FALSE,19,sub_adult,female,714,28,NA
18,12,10,U. olhanensis,NA,FALSE,12,sub_adult,female,715,24,NA
22,18,13,U. olhanensis,NA,FALSE,21,sub_adult,female,716,31,NA
22,24,10,U. olhanensis,NA,TRUE,16,sub_adult,female,717,31,NA
23,14,15,U. olhanensis,NA,FALSE,14,sub_adult,female,718,32,NA
16,14,7,U. olhanensis,NA,FALSE,15,sub_adult,female,719,21,NA
24,18,15,U. olhanensis,NA,FALSE,18,sub_adult,female,720,31,NA
23,29,12,U. olhanensis,NA,FALSE,26,sub_adult,female,721,32,NA
26,23,13,U. olhanensis,NA,FALSE,26,sub_adult,female,722,35,NA
15,13,7,U. olhanensis,NA,FALSE,15,sub_adult,female,723,21,NA
17,15,6,U. olhanensis,NA,FALSE,12,sub_adult,female,724,21,NA
17,17,10,U. olhanensis,NA,FALSE,14,sub_adult,female,725,24,NA
19,16,10,U. olhanensis,NA,FALSE,13,sub_adult,female,726,24,NA
20,12,10,U. olhanensis,NA,FALSE,17,sub_adult,female,727,26,NA
15,12,8,U. olhanensis,NA,FALSE,17,sub_adult,female,728,20,NA
28,28,16,U. olhanensis,NA,FALSE,20,adult,female,729,40,NA
27,21,17,U. olhanensis,NA,FALSE,21,adult,female,730,36,NA
35,18,15,U. olhanensis,NA,FALSE,38,adult,female,731,46,NA
34,21,16,U. olhanensis,NA,FALSE,26,adult,female,732,43,NA
33,23,24,U. olhanensis,NA,FALSE,36,adult,female,733,46,NA
28,23,14,U. olhanensis,NA,FALSE,23,adult,female,734,39,NA
28,14,17,U. olhanensis,NA,FALSE,20,adult,female,735,34,NA
18,13,10,U. olhanensis,NA,FALSE,20,adult,female,736,26,NA
21,18,8,U. olhanensis,NA,FALSE,20,adult,female,737,26,NA
33,26,21,U. olhanensis,NA,FALSE,32,adult,female,738,46,NA
36,25,16,U. olhanensis,NA,FALSE,39,adult,female,739,49,NA
23,17,10,U. olhanensis,NA,FALSE,22,adult,female,740,30,NA
21,19,9,U. olhanensis,NA,TRUE,17,adult,female,741,27,NA
32,28,20,U. olhanensis,NA,FALSE,29,adult,female,742,45,NA
33,35,18,U. olhanensis,NA,FALSE,28,adult,female,743,47,NA
23,18,12,U. olhanensis,NA,FALSE,20,adult,female,744,32,NA
24,24,11,U. olhanensis,NA,FALSE,24,adult,female,745,33,NA
24,20,10,U. olhanensis,NA,FALSE,27,adult,female,746,33,NA
26,20,16,U. olhanensis,NA,FALSE,16,adult,female,747,35,NA
23,17,13,U. olhanensis,NA,FALSE,19,adult,female,748,31,NA
35,28,17,U. olhanensis,NA,FALSE,41,adult,female,749,50,NA
28,17,14,U. olhanensis,NA,FALSE,18,adult,female,750,38,NA
28,22,17,U. olhanensis,NA,FALSE,32,adult,female,751,39,NA
28,28,16,U. olhanensis,NA,FALSE,30,adult,female,752,38,NA
30,25,18,U. olhanensis,NA,FALSE,29,adult,female,753,42,NA
24,18,13,U. olhanensis,NA,FALSE,17,adult,female,754,31,NA
35,35,16,U. olhanensis,NA,FALSE,32,adult,female,755,49,NA
24,25,14,U. olhanensis,NA,FALSE,27,adult,female,756,32,NA
24,18,9,U. olhanensis,NA,TRUE,21,adult,female,757,32,NA
30,23,16,U. olhanensis,NA,FALSE,25,adult,female,758,42,NA
25,21,18,U. olhanensis,NA,TRUE,27,adult,female,759,36,NA
33,21,17,U. olhanensis,NA,FALSE,19,adult,female,760,41,NA
33,23,16,U. olhanensis,NA,FALSE,26,adult,female,761,46,NA
20,14,10,U. olhanensis,NA,FALSE,16,adult,female,762,27,NA
30,22,19,U. olhanensis,NA,FALSE,28,adult,female,763,42,NA
23,25,11,U. olhanensis,NA,TRUE,19,adult,female,764,31,NA
21,20,10,U. olhanensis,NA,TRUE,16,adult,female,765,30,NA
18,15,11,U. olhanensis,NA,FALSE,8,adult,female,766,26,NA
22,15,15,U. olhanensis,NA,FALSE,21,adult,female,767,31,NA
27,19,14,U. olhanensis,NA,FALSE,15,adult,female,768,37,NA
23,17,14,U. olhanensis,NA,FALSE,21,adult,female,769,31,NA
27,22,16,U. olhanensis,NA,FALSE,23,adult,female,770,36,NA
31,32,20,U. olhanensis,NA,FALSE,33,adult,female,771,43,NA
35,25,19,U. olhanensis,NA,FALSE,28,adult,female,772,48,NA
25,21,12,U. olhanensis,NA,FALSE,28,adult,female,773,34,NA
25,23,13,U. olhanensis,NA,FALSE,20,adult,female,774,34,NA
34,27,20,U. olhanensis,NA,FALSE,25,adult,female,775,47,NA
25,16,10,U. olhanensis,NA,FALSE,21,adult,female,776,33,NA
34,24,15,U. olhanensis,NA,FALSE,29,adult,female,777,44,NA
35,29,22,U. olhanensis,NA,FALSE,27,adult,female,778,47,NA
21,22,10,U. olhanensis,NA,TRUE,15,adult,female,779,29,NA
37,33,23,U. olhanensis,NA,TRUE,27,adult,female,780,49,NA
30,23,17,U. olhanensis,NA,FALSE,29,adult,female,781,41,NA
24,35,15,U. olhanensis,NA,FALSE,22,adult,female,782,33,NA
25,25,13,U. olhanensis,NA,FALSE,21,adult,female,783,35,NA
25,16,11,U. olhanensis,NA,FALSE,31,adult,female,784,35,NA
25,22,15,U. olhanensis,NA,FALSE,25,adult,female,785,36,NA
21,11,11,U. olhanensis,NA,FALSE,16,adult,female,786,27,NA
28,21,17,U. olhanensis,NA,FALSE,22,adult,female,787,38,NA
19,11,8,U. olhanensis,NA,TRUE,11,adult,female,788,25,NA
32,34,15,U. olhanensis,NA,FALSE,32,adult,female,789,44,NA
19,16,9,U. olhanensis,NA,FALSE,6,adult,female,790,26,NA
29,21,15,U. olhanensis,NA,FALSE,21,adult,female,791,40,NA
19,16,11,U. olhanensis,NA,FALSE,19,adult,female,792,26,NA
24,23,11,U. olhanensis,NA,FALSE,22,adult,female,793,33,NA
36,26,15,U. olhanensis,NA,FALSE,28,adult,female,794,48,NA
30,22,12,U. olhanensis,NA,FALSE,24,adult,female,795,37,NA
26,25,15,U. olhanensis,NA,FALSE,17,adult,female,796,34,NA
24,24,11,U. olhanensis,NA,FALSE,21,adult,female,797,33,NA
32,26,14,U. olhanensis,NA,FALSE,37,adult,female,798,45,NA
18,18,12,U. olhanensis,NA,FALSE,15,adult,female,799,25,NA
20,24,10,U. olhanensis,NA,FALSE,13,adult,female,800,26,NA
29,22,18,U. olhanensis,NA,FALSE,22,adult,female,801,40,NA
37,25,18,U. olhanensis,NA,FALSE,26,adult,female,802,49,NA
25,15,13,U. olhanensis,NA,TRUE,19,adult,female,803,31,NA
30,32,12,U. olhanensis,NA,FALSE,24,adult,female,804,39,NA
19,13,9,U. olhanensis,NA,TRUE,11,adult,female,805,26,NA
19,12,12,U. olhanensis,NA,FALSE,17,adult,female,806,25,NA
36,29,24,U. olhanensis,NA,FALSE,23,adult,female,807,49,NA
22,23,10,U. olhanensis,NA,FALSE,14,adult,female,808,29,NA
32,34,19,U. olhanensis,NA,FALSE,19,adult,female,809,45,NA
30,32,18,U. olhanensis,NA,FALSE,23,adult,female,810,42,NA
26,27,11,U. olhanensis,NA,FALSE,22,adult,female,811,33,NA
18,27,11,U. olhanensis,NA,FALSE,10,adult,female,812,25,NA
21,17,13,U. olhanensis,NA,FALSE,15,adult,female,813,27,NA
24,14,15,U. olhanensis,NA,FALSE,31,adult,female,814,33,NA
19,20,12,U. olhanensis,NA,FALSE,18,adult,female,815,26,NA
34,30,24,U. olhanensis,NA,FALSE,27,adult,female,816,48,NA
36,29,23,U. olhanensis,NA,FALSE,27,adult,female,817,49,NA
27,16,13,U. olhanensis,NA,FALSE,20,adult,female,818,34,NA
33,24,20,U. olhanensis,NA,FALSE,21,adult,female,819,46,NA
24,24,15,U. olhanensis,NA,FALSE,16,adult,female,820,34,NA
28,22,14,U. olhanensis,NA,FALSE,27,adult,female,821,40,NA
21,8,14,U. olhanensis,NA,FALSE,15,adult,female,822,29,NA
32,34,21,U. olhanensis,NA,FALSE,26,adult,female,823,44,NA
32,25,19,U. olhanensis,NA,FALSE,29,adult,female,824,44,NA
24,22,14,U. olhanensis,NA,FALSE,18,adult,female,825,32,NA
21,22,12,U. olhanensis,NA,FALSE,18,adult,female,826,29,NA
29,30,17,U. olhanensis,NA,FALSE,19,adult,female,827,40,NA
35,34,20,U. olhanensis,NA,FALSE,26,adult,female,828,49,NA
27,22,13,U. olhanensis,NA,FALSE,23,adult,female,829,38,NA
30,28,15,U. olhanensis,NA,FALSE,21,adult,female,830,41,NA
26,16,16,U. olhanensis,NA,FALSE,21,adult,female,831,35,NA
26,20,12,U. olhanensis,NA,FALSE,30,adult,female,832,36,NA
34,27,22,U. olhanensis,NA,FALSE,26,adult,female,833,44,NA
32,31,14,U. olhanensis,NA,FALSE,21,adult,female,834,42,NA
21,24,10,U. olhanensis,NA,FALSE,19,adult,female,835,30,NA
27,21,13,U. olhanensis,NA,FALSE,26,adult,female,836,38,NA
26,19,13,U. olhanensis,NA,FALSE,15,adult,female,837,36,NA
38,40,15,U. olhanensis,NA,FALSE,27,adult,female,838,48,NA
24,25,15,U. olhanensis,NA,FALSE,23,adult,female,839,33,NA
30,26,19,U. olhanensis,NA,FALSE,20,adult,female,840,41,NA
20,14,10,U. olhanensis,NA,FALSE,18,adult,female,841,26,NA
36,29,18,U. olhanensis,NA,FALSE,27,adult,female,842,50,NA
31,33,17,U. olhanensis,NA,FALSE,26,adult,female,843,41,NA
35,31,15,U. olhanensis,NA,TRUE,39,adult,female,844,48,NA
35,27,21,U. olhanensis,NA,FALSE,35,adult,female,845,49,NA
22,18,11,U. olhanensis,NA,TRUE,15,adult,female,846,30,NA
34,28,17,U. olhanensis,NA,FALSE,28,adult,female,847,46,NA
10,7,5,U. olhanensis,NA,FALSE,4,juvenile,male,848,12,NA
11,9,7,U. olhanensis,NA,FALSE,10,juvenile,male,849,15,NA
7,8,4,U. olhanensis,NA,FALSE,8,juvenile,?,850,9,NA
9,7,4,U. olhanensis,NA,FALSE,5,juvenile,male,851,11,NA
8,5,3,U. olhanensis,NA,FALSE,6,juvenile,male,852,9,NA
10,5,5,U. olhanensis,NA,FALSE,12,juvenile,male,853,12,NA
8,9,3,U. olhanensis,NA,FALSE,7,juvenile,male,854,11,NA
11,6,7,U. olhanensis,NA,FALSE,7,juvenile,,855,14,NA
10,8,5,U. olhanensis,NA,FALSE,6,juvenile,male,856,12,NA
10,2,4,U. olhanensis,NA,FALSE,8,juvenile,male,857,11,NA
10,10,6,U. olhanensis,NA,FALSE,7,juvenile,male,858,13,NA
11,8,5,U. olhanensis,NA,FALSE,8,juvenile,male,859,14,NA
13,8,8,U. olhanensis,NA,FALSE,11,juvenile,male,860,16,NA
7,8,4,U. olhanensis,NA,FALSE,4,juvenile,male,861,9,NA
11,8,3,U. olhanensis,NA,FALSE,12,juvenile,male,862,11,NA
9,5,4,U. olhanensis,NA,FALSE,5,juvenile,male,863,12,NA
10,6,3,U. olhanensis,NA,FALSE,5,juvenile,male,864,11,NA
10,7,6,U. olhanensis,NA,FALSE,8,juvenile,male,865,14,NA
10,6,6,U. olhanensis,NA,FALSE,10,juvenile, ,866,13,NA
13,12,8,U. olhanensis,NA,FALSE,6,juvenile,male,867,16,NA
12,10,6,U. olhanensis,NA,FALSE,12,juvenile,-,868,15,NA
9,7,5,U. olhanensis,NA,FALSE,4,juvenile,male,869,12,NA
8,9,4,U. olhanensis,NA,FALSE,10,juvenile,male,870,11,NA
11,11,5,U. olhanensis,NA,FALSE,11,juvenile,,871,14,NA
9,5,5,U. olhanensis,NA,FALSE,6,juvenile,male,872,11,NA
11,8,5,U. olhanensis,NA,FALSE,7,juvenile,male,873,15,NA
7,7,5,U. olhanensis,NA,FALSE,7,juvenile,male,874,9,NA
7,8,3,U. olhanensis,NA,FALSE,7,juvenile,-,875,9,NA
8,8,4,U. olhanensis,NA,FALSE,4,juvenile,-,876,10,NA
8,8,4,U. olhanensis,NA,FALSE,8,juvenile,male,877,11,NA
10,7,4,U. olhanensis,NA,FALSE,10,juvenile,-,878,13,NA
12,8,4,U. olhanensis,NA,FALSE,6,juvenile,male,879,15,NA
12,8,7,U. olhanensis,NA,FALSE,9,juvenile,male,880,15,NA
8,4,5,U. olhanensis,NA,FALSE,12,juvenile,male,881,11,NA
12,10,6,U. olhanensis,NA,FALSE,14,juvenile,male,882,16,NA
10,8,4,U. olhanensis,NA,FALSE,9,juvenile,male,883,14,NA
9,7,6,U. olhanensis,NA,FALSE,7,juvenile,male,884,12,NA
11,9,4,U. olhanensis,NA,FALSE,11,juvenile,male,885,14,NA
7,4,4,U. olhanensis,NA,FALSE,6,juvenile,N/R,886,9,NA
9,12,4,U. olhanensis,NA,FALSE,5,juvenile,?,887,11,NA
11,5,6,U. olhanensis,NA,FALSE,6,juvenile,male,888,13,NA
12,3,6,U. olhanensis,NA,FALSE,6,juvenile,male,889,15,NA
12,10,7,U. olhanensis,NA,FALSE,7,juvenile,N/R,890,15,NA
10,7,4,U. olhanensis,NA,FALSE,9,juvenile,male,891,13,NA
9,7,5,U. olhanensis,NA,FALSE,11,juvenile,male,892,13,NA
8,6,3,U. olhanensis,NA,FALSE,5,juvenile,male,893,10,NA
9,4,5,U. olhanensis,NA,FALSE,7,juvenile,male,894,11,NA
8,5,3,U. olhanensis,NA,FALSE,9,juvenile,male,895,10,NA
12,10,7,U. olhanensis,NA,FALSE,15,juvenile,N/R,896,15,NA
12,9,6,U. olhanensis,NA,FALSE,6,juvenile,?,897,15,NA
10,7,4,U. olhanensis,NA,FALSE,6,juvenile,male,898,12,NA
11,7,5,U. olhanensis,NA,FALSE,11,juvenile,male,899,14,NA
11,10,5,U. olhanensis,NA,FALSE,4,juvenile,male or female,900,14,NA
12,11,6,U. olhanensis,NA,FALSE,8,juvenile,male,901,15,NA
8,10,3,U. olhanensis,NA,FALSE,9,juvenile,male,902,10,NA
10,6,4,U. olhanensis,NA,FALSE,3,juvenile,male,903,12,NA
12,8,5,U. olhanensis,NA,FALSE,13,juvenile,N/R,904,15,NA
11,11,6,U. olhanensis,NA,FALSE,11,juvenile,,905,16,NA
9,6,4,U. olhanensis,NA,FALSE,6,juvenile,male,906,10,NA
11,10,5,U. olhanensis,NA,FALSE,9,juvenile,male,907,14,NA
11,13,4,U. olhanensis,NA,FALSE,5,juvenile,-,908,14,NA
10,8,4,U. olhanensis,NA,FALSE,7,juvenile,-,909,13,NA
12,9,7,U. olhanensis,NA,FALSE,8,juvenile,male,910,15,NA
11,10,6,U. olhanensis,NA,FALSE,6,juvenile,male,911,15,NA
14,13,7,U. olhanensis,NA,FALSE,10,pre_puberty,male,912,19,NA
12,8,7,U. olhanensis,NA,FALSE,9,pre_puberty,male,913,17,NA
14,15,8,U. olhanensis,NA,FALSE,11,pre_puberty,male,914,19,NA
15,11,8,U. olhanensis,NA,FALSE,11,pre_puberty,male,915,21,NA
17,19,8,U. olhanensis,NA,FALSE,13,pre_puberty,,916,23,NA
18,16,11,U. olhanensis,NA,FALSE,14,pre_puberty,male,917,23,NA
13,10,6,U. olhanensis,NA,FALSE,11,pre_puberty,male,918,19,NA
18,17,8,U. olhanensis,NA,FALSE,16,pre_puberty,male,919,24,NA
16,11,8,U. olhanensis,NA,FALSE,14,pre_puberty,male,920,20,NA
17,16,9,U. olhanensis,NA,FALSE,15,pre_puberty,-,921,24,NA
15,9,7,U. olhanensis,NA,FALSE,13,pre_puberty,male,922,18,NA
13,6,7,U. olhanensis,NA,FALSE,9,pre_puberty,male,923,17,NA
14,10,8,U. olhanensis,NA,FALSE,8,pre_puberty,male,924,17,NA
13,6,8,U. olhanensis,NA,FALSE,11,pre_puberty,male,925,17,NA
15,14,7,U. olhanensis,NA,FALSE,11,pre_puberty,male,926,19,NA
14,9,10,U. olhanensis,NA,FALSE,13,pre_puberty,male,927,18,NA
13,9,6,U. olhanensis,NA,FALSE,11,pre_puberty,?,928,18,NA
15,8,9,U. olhanensis,NA,FALSE,9,pre_puberty,male,929,19,NA
16,11,7,U. olhanensis,NA,FALSE,6,pre_puberty,male,930,21,NA
14,12,7,U. olhanensis,NA,FALSE,8,pre_puberty,N/R,931,19,NA
12,6,7,U. olhanensis,NA,FALSE,14,pre_puberty,male,932,17,NA
17,12,11,U. olhanensis,NA,FALSE,8,pre_puberty,male,933,23,NA
15,12,6,U. olhanensis,NA,FALSE,8,pre_puberty,male,934,19,NA
16,10,7,U. olhanensis,NA,FALSE,15,pre_puberty,male,935,21,NA
14,16,7,U. olhanensis,NA,FALSE,14,pre_puberty, ,936,18,NA
15,12,7,U. olhanensis,NA,FALSE,17,pre_puberty,male,937,21,NA
17,12,8,U. olhanensis,NA,FALSE,12,pre_puberty, ,938,22,NA
14,8,7,U. olhanensis,NA,FALSE,10,pre_puberty,male,939,16,NA
13,19,6,U. olhanensis,NA,FALSE,16,pre_puberty,male,940,19,NA
14,14,7,U. olhanensis,NA,FALSE,13,pre_puberty,male,941,19,NA
16,14,6,U. olhanensis,NA,FALSE,20,pre_puberty,male,942,21,NA
14,9,7,U. olhanensis,NA,FALSE,15,pre_puberty,,943,18,NA
20,14,10,U. olhanensis,NA,FALSE,15,pre_puberty,male,944,25,NA
11,11,6,U. olhanensis,NA,FALSE,10,pre_puberty,male,945,15,NA
15,13,8,U. olhanensis,NA,FALSE,10,pre_puberty,male,946,18,NA
16,16,8,U. olhanensis,NA,FALSE,14,pre_puberty,male or female,947,21,NA
16,12,8,U. olhanensis,NA,FALSE,14,pre_puberty,-,948,22,NA
15,9,6,U. olhanensis,NA,FALSE,8,pre_puberty,,949,18,NA
18,13,10,U. olhanensis,NA,FALSE,18,pre_puberty,male,950,25,NA
18,18,7,U. olhanensis,NA,FALSE,14,pre_puberty,male,951,25,NA
14,11,7,U. olhanensis,NA,FALSE,15,pre_puberty,N/R,952,18,NA
13,10,7,U. olhanensis,NA,FALSE,8,pre_puberty,male,953,18,NA
14,9,8,U. olhanensis,NA,FALSE,8,pre_puberty,male,954,19,NA
17,16,7,U. olhanensis,NA,FALSE,15,pre_puberty,male,955,22,NA
14,13,5,U. olhanensis,NA,FALSE,11,pre_puberty,?,956,18,NA
18,14,12,U. olhanensis,NA,FALSE,15,pre_puberty,male,957,24,NA
12,12,7,U. olhanensis,NA,FALSE,9,pre_puberty,male,958,17,NA
16,15,8,U. olhanensis,NA,FALSE,7,pre_puberty,male,959,22,NA
16,13,9,U. olhanensis,NA,FALSE,13,pre_puberty,male,960,22,NA
15,11,7,U. olhanensis,NA,FALSE,13,pre_puberty,,961,17,NA
13,8,7,U. olhanensis,NA,FALSE,9,pre_puberty,male,962,16,NA
11,13,5,U. olhanensis,NA,FALSE,9,pre_puberty,?,963,15,NA
15,8,8,U. olhanensis,NA,FALSE,7,pre_puberty,,964,17,NA
16,12,7,U. olhanensis,NA,FALSE,16,pre_puberty,,965,22,NA
16,15,9,U. olhanensis,NA,FALSE,16,pre_puberty,male,966,21,NA
13,15,8,U. olhanensis,NA,FALSE,12,pre_puberty,male or female,967,17,NA
13,8,7,U. olhanensis,NA,FALSE,6,pre_puberty,,968,16,NA
13,10,6,U. olhanensis,NA,FALSE,15,pre_puberty,male,969,18,NA
13,12,9,U. olhanensis,NA,FALSE,14,pre_puberty,male,970,18,NA
15,9,9,U. olhanensis,NA,FALSE,12,pre_puberty,male,971,20,NA
13,12,6,U. olhanensis,NA,FALSE,13,pre_puberty,male or female,972,15,NA
15,14,8,U. olhanensis,NA,FALSE,7,pre_puberty,male,973,19,NA
16,13,6,U. olhanensis,NA,FALSE,10,pre_puberty, ,974,19,NA
17,8,9,U. olhanensis,NA,FALSE,15,pre_puberty,male,975,23,NA
16,11,10,U. olhanensis,NA,FALSE,11,pre_puberty,male,976,21,NA
13,12,7,U. olhanensis,NA,FALSE,10,pre_puberty,?,977,17,NA
12,11,7,U. olhanensis,NA,FALSE,10,pre_puberty,male,978,16,NA
15,18,9,U. olhanensis,NA,FALSE,12,pre_puberty, ,979,21,NA
17,13,11,U. olhanensis,NA,FALSE,16,pre_puberty,male,980,22,NA
17,14,13,U. olhanensis,NA,FALSE,12,pre_puberty,male,981,23,NA
16,10,9,U. olhanensis,NA,FALSE,13,pre_puberty,male,982,22,NA
32,27,16,U. olhanensis,NA,FALSE,25,sub_adult,male,983,44,NA
25,23,11,U. olhanensis,NA,FALSE,21,sub_adult,male,984,34,NA
27,20,16,U. olhanensis,NA,FALSE,25,sub_adult,male,985,38,NA
26,21,15,U. olhanensis,NA,FALSE,19,sub_adult,male,986,35,NA
25,21,13,U. olhanensis,NA,FALSE,21,sub_adult,male,987,36,NA
25,24,10,U. olhanensis,NA,FALSE,14,sub_adult,male,988,34,NA
29,27,12,U. olhanensis,NA,FALSE,20,sub_adult,male,989,39,NA
34,24,17,U. olhanensis,NA,FALSE,28,sub_adult,male,990,47,NA
24,18,14,U. olhanensis,NA,FALSE,22,sub_adult,male,991,33,NA
32,28,20,U. olhanensis,NA,FALSE,23,sub_adult,male,992,44,NA
37,39,16,U. olhanensis,NA,FALSE,30,sub_adult,male,993,51,NA
31,30,14,U. olhanensis,NA,FALSE,22,sub_adult,male,994,39,NA
26,16,15,U. olhanensis,NA,FALSE,21,sub_adult,male,995,35,NA
27,20,17,U. olhanensis,NA,FALSE,22,sub_adult,male,996,36,NA
27,20,17,U. olhanensis,NA,FALSE,21,sub_adult,male,997,37,NA
28,21,16,U. olhanensis,NA,FALSE,22,sub_adult,male,998,39,NA
29,21,15,U. olhanensis,NA,FALSE,19,sub_adult,male,999,41,NA
32,26,18,U. olhanensis,NA,FALSE,25,sub_adult,male,1000,45,NA
22,23,10,U. olhanensis,NA,FALSE,13,sub_adult,male,1001,30,NA
31,26,15,U. olhanensis,NA,FALSE,25,sub_adult,male,1002,43,NA
31,36,21,U. olhanensis,NA,FALSE,31,sub_adult,male,1003,43,NA
26,14,12,U. olhanensis,NA,FALSE,24,sub_adult,male,1004,35,NA
35,24,20,U. olhanensis,NA,FALSE,24,sub_adult,male,1005,48,NA
22,20,13,U. olhanensis,NA,FALSE,17,sub_adult,male,1006,29,NA
36,39,23,U. olhanensis,NA,FALSE,42,sub_adult,male,1007,51,NA
27,23,15,U. olhanensis,NA,FALSE,24,sub_adult,male,1008,37,NA
22,17,11,U. olhanensis,NA,FALSE,20,sub_adult,male,1009,30,NA
36,28,21,U. olhanensis,NA,FALSE,23,sub_adult,male,1010,50,NA
37,33,23,U. olhanensis,NA,FALSE,30,sub_adult,male,1011,48,NA
28,14,16,U. olhanensis,NA,FALSE,24,sub_adult,male,1012,39,NA
31,29,14,U. olhanensis,NA,FALSE,27,sub_adult,male,1013,41,NA
34,30,19,U. olhanensis,NA,FALSE,27,sub_adult,male,1014,47,NA
37,28,21,U. olhanensis,NA,FALSE,35,sub_adult,male,1015,50,NA
31,24,21,U. olhanensis,NA,FALSE,25,sub_adult,male,1016,44,NA
38,25,13,U. olhanensis,NA,FALSE,23,sub_adult,male,1017,39,NA
31,30,19,U. olhanensis,NA,FALSE,28,sub_adult,male,1018,43,NA
35,28,18,U. olhanensis,NA,FALSE,32,sub_adult,male,1019,50,NA
28,30,14,U. olhanensis,NA,FALSE,17,sub_adult,male,1020,38,NA
24,18,10,U. olhanensis,NA,FALSE,14,sub_adult,male,1021,29,NA
36,28,22,U. olhanensis,NA,FALSE,28,sub_adult,male,1022,50,NA
25,17,14,U. olhanensis,NA,FALSE,19,sub_adult,male,1023,33,NA
27,19,16,U. olhanensis,NA,FALSE,19,sub_adult,male,1024,37,NA
34,37,20,U. olhanensis,NA,FALSE,34,sub_adult,male,1025,48,NA
34,35,15,U. olhanensis,NA,FALSE,24,sub_adult,male,1026,47,NA
36,28,15,U. olhanensis,NA,FALSE,30,sub_adult,male,1027,48,NA
22,21,14,U. olhanensis,NA,FALSE,18,sub_adult,male,1028,31,NA
26,25,14,U. olhanensis,NA,FALSE,17,sub_adult,male,1029,37,NA
35,28,21,U. olhanensis,NA,FALSE,27,sub_adult,male,1030,49,NA
27,25,12,U. olhanensis,NA,FALSE,23,sub_adult,male,1031,38,NA
25,13,15,U. olhanensis,NA,FALSE,19,sub_adult,male,1032,34,NA
28,24,18,U. olhanensis,NA,FALSE,27,sub_adult,male,1033,39,NA
29,19,14,U. olhanensis,NA,FALSE,25,sub_adult,male,1034,39,NA
39,29,20,U. olhanensis,NA,FALSE,34,sub_adult,male,1035,50,NA
32,24,17,U. olhanensis,NA,FALSE,17,sub_adult,male,1036,42,NA
24,16,12,U. olhanensis,NA,FALSE,19,sub_adult,male,1037,31,NA
34,32,17,U. olhanensis,NA,FALSE,31,sub_adult,male,1038,45,NA
30,30,12,U. olhanensis,NA,FALSE,23,sub_adult,male,1039,40,NA
22,21,11,U. olhanensis,NA,FALSE,18,sub_adult,male,1040,31,NA
31,16,18,U. olhanensis,NA,FALSE,18,sub_adult,male,1041,38,NA
32,23,15,U. olhanensis,NA,FALSE,20,sub_adult,male,1042,43,NA
39,32,18,U. olhanensis,NA,FALSE,32,sub_adult,male,1043,50,NA
27,24,11,U. olhanensis,NA,FALSE,31,sub_adult,male,1044,37,NA
32,29,19,U. olhanensis,NA,FALSE,36,sub_adult,male,1045,41,NA
25,27,14,U. olhanensis,NA,FALSE,18,sub_adult,male,1046,34,NA
29,24,21,U. olhanensis,NA,FALSE,27,sub_adult,male,1047,41,NA
33,25,17,U. olhanensis,NA,FALSE,29,sub_adult,male,1048,47,NA
25,27,13,U. olhanensis,NA,FALSE,23,sub_adult,male,1049,35,NA
33,33,13,U. olhanensis,NA,FALSE,24,sub_adult,male,1050,44,NA
22,22,10,U. olhanensis,NA,FALSE,20,sub_adult,male,1051,30,NA
33,36,20,U. olhanensis,NA,FALSE,25,sub_adult,male,1052,47,NA
29,24,14,U. olhanensis,NA,FALSE,32,sub_adult,male,1053,41,NA
36,34,15,U. olhanensis,NA,FALSE,29,sub_adult,male,1054,50,NA
26,25,13,U. olhanensis,NA,FALSE,18,sub_adult,male,1055,35,NA
33,28,17,U. olhanensis,NA,FALSE,36,sub_adult,male,1056,46,NA
22,15,12,U. olhanensis,NA,FALSE,16,sub_adult,male,1057,30,NA
23,21,10,U. olhanensis,NA,FALSE,20,sub_adult,male,1058,32,NA
28,16,19,U. olhanensis,NA,FALSE,22,sub_adult,male,1059,40,NA
26,17,15,U. olhanensis,NA,FALSE,18,sub_adult,male,1060,34,NA
29,23,17,U. olhanensis,NA,FALSE,30,sub_adult,male,1061,36,NA
28,20,19,U. olhanensis,NA,FALSE,21,sub_adult,male,1062,40,NA
29,20,15,U. olhanensis,NA,FALSE,24,sub_adult,male,1063,40,NA
35,35,19,U. olhanensis,NA,FALSE,22,sub_adult,male,1064,46,NA
31,28,17,U. olhanensis,NA,FALSE,20,sub_adult,male,1065,42,NA
27,23,20,U. olhanensis,NA,FALSE,21,sub_adult,male,1066,37,NA
33,26,20,U. olhanensis,NA,FALSE,32,sub_adult,male,1067,43,NA
32,29,12,U. olhanensis,NA,FALSE,18,sub_adult,male,1068,45,NA
27,22,12,U. olhanensis,NA,FALSE,21,sub_adult,male,1069,37,NA
24,18,11,U. olhanensis,NA,FALSE,12,sub_adult,male,1070,31,NA
35,27,21,U. olhanensis,NA,FALSE,32,sub_adult,male,1071,48,NA
32,27,20,U. olhanensis,NA,FALSE,27,sub_adult,male,1072,43,NA
37,36,23,U. olhanensis,NA,FALSE,34,sub_adult,male,1073,51,NA
23,16,15,U. olhanensis,NA,FALSE,19,sub_adult,male,1074,33,NA
25,24,14,U. olhanensis,NA,FALSE,16,sub_adult,male,1075,34,NA
28,18,14,U. olhanensis,NA,FALSE,23,sub_adult,male,1076,37,NA
30,30,15,U. olhanensis,NA,FALSE,23,sub_adult,male,1077,41,NA
35,25,20,U. olhanensis,NA,FALSE,21,sub_adult,male,1078,49,NA
35,31,26,U. olhanensis,NA,FALSE,37,sub_adult,male,1079,49,NA
27,16,14,U. olhanensis,NA,FALSE,21,sub_adult,male,1080,31,NA
35,33,25,U. olhanensis,NA,FALSE,31,sub_adult,male,1081,48,NA
23,13,12,U. olhanensis,NA,FALSE,18,sub_adult,male,1082,33,NA
35,33,21,U. olhanensis,NA,FALSE,23,sub_adult,male,1083,47,NA
35,28,17,U. olhanensis,NA,FALSE,34,sub_adult,male,1084,49,NA
22,19,11,U. olhanensis,NA,FALSE,15,sub_adult,male,1085,31,NA
28,22,16,U. olhanensis,NA,FALSE,22,sub_adult,male,1086,38,NA
31,19,15,U. olhanensis,NA,FALSE,26,sub_adult,male,1087,39,NA
22,16,15,U. olhanensis,NA,FALSE,14,sub_adult,male,1088,30,NA
25,19,10,U. olhanensis,NA,FALSE,25,sub_adult,male,1089,34,NA
28,29,11,U. olhanensis,NA,FALSE,28,sub_adult,male,1090,38,NA
24,27,12,U. olhanensis,NA,FALSE,16,sub_adult,male,1091,29,NA
28,18,16,U. olhanensis,NA,FALSE,21,sub_adult,male,1092,37,NA
24,13,14,U. olhanensis,NA,FALSE,19,sub_adult,male,1093,29,NA
34,33,21,U. olhanensis,NA,FALSE,26,sub_adult,male,1094,48,NA
35,32,18,U. olhanensis,NA,FALSE,26,sub_adult,male,1095,48,NA
27,19,13,U. olhanensis,NA,FALSE,14,sub_adult,male,1096,38,NA
35,28,21,U. olhanensis,NA,FALSE,34,sub_adult,male,1097,50,NA
36,23,28,U. olhanensis,NA,FALSE,29,sub_adult,male,1098,50,NA
27,28,18,U. olhanensis,NA,FALSE,26,sub_adult,male,1099,37,NA
23,29,13,U. olhanensis,NA,FALSE,19,sub_adult,male,1100,31,NA
23,26,11,U. olhanensis,NA,FALSE,19,sub_adult,male,1101,30,NA
61,50,27,U. olhanensis,NA,FALSE,45,adult,male,1102,80,NA
60,57,36,U. olhanensis,NA,FALSE,56,adult,male,1103,84,NA
35,29,21,U. olhanensis,NA,FALSE,26,adult,male,1104,47,NA
36,32,25,U. olhanensis,NA,FALSE,32,adult,male,1105,51,NA
41,36,31,U. olhanensis,NA,FALSE,40,adult,male,1106,58,NA
49,44,31,U. olhanensis,NA,FALSE,47,adult,male,1107,68,NA
42,39,29,U. olhanensis,NA,FALSE,42,adult,male,1108,60,NA
58,45,28,U. olhanensis,NA,FALSE,52,adult,male,1109,81,NA
36,31,17,U. olhanensis,NA,FALSE,30,adult,male,1110,49,NA
45,46,23,U. olhanensis,NA,FALSE,30,adult,male,1111,64,NA
47,45,20,U. olhanensis,NA,FALSE,41,adult,male,1112,65,NA
60,39,40,U. olhanensis,NA,FALSE,43,adult,male,1113,85,NA
43,37,24,U. olhanensis,NA,FALSE,36,adult,male,1114,60,NA
38,27,18,U. olhanensis,NA,FALSE,30,adult,male,1115,52,NA
60,51,36,U. olhanensis,NA,FALSE,51,adult,male,1116,85,NA
35,36,17,U. olhanensis,NA,FALSE,32,adult,male,1117,48,NA
36,29,18,U. olhanensis,NA,FALSE,35,adult,male,1118,51,NA
56,56,39,U. olhanensis,NA,FALSE,37,adult,male,1119,77,NA
60,50,29,U. olhanensis,NA,FALSE,62,adult,male,1120,85,NA
37,31,25,U. olhanensis,NA,FALSE,35,adult,male,1121,52,NA
45,37,22,U. olhanensis,NA,FALSE,35,adult,male,1122,63,NA
57,36,32,U. olhanensis,NA,FALSE,48,adult,male,1123,77,NA
52,45,24,U. olhanensis,NA,FALSE,50,adult,male,1124,74,NA
56,37,26,U. olhanensis,NA,FALSE,52,adult,male,1125,63,NA
60,55,29,U. olhanensis,NA,FALSE,52,adult,male,1126,85,NA
51,49,32,U. olhanensis,NA,FALSE,49,adult,male,1127,72,NA
39,39,25,U. olhanensis,NA,FALSE,25,adult,male,1128,53,NA
36,32,13,U. olhanensis,NA,FALSE,31,adult,male,1129,45,NA
42,31,21,U. olhanensis,NA,FALSE,36,adult,male,1130,58,NA
53,48,36,U. olhanensis,NA,FALSE,46,adult,male,1131,74,NA
39,37,27,U. olhanensis,NA,FALSE,34,adult,male,1132,56,NA
39,26,23,U. olhanensis,NA,FALSE,35,adult,male,1133,52,NA
56,45,30,U. olhanensis,NA,FALSE,43,adult,male,1134,79,NA
34,26,23,U. olhanensis,NA,FALSE,27,adult,male,1135,48,NA
49,35,25,U. olhanensis,NA,FALSE,35,adult,male,1136,69,NA
52,38,30,U. olhanensis,NA,FALSE,48,adult,male,1137,71,NA
38,32,21,U. olhanensis,NA,FALSE,35,adult,male,1138,54,NA
53,43,26,U. olhanensis,NA,FALSE,42,adult,male,1139,75,NA
55,44,37,U. olhanensis,NA,FALSE,57,adult,male,1140,78,NA
54,52,32,U. olhanensis,NA,FALSE,46,adult,male,1141,74,NA
47,52,35,U. olhanensis,NA,FALSE,43,adult,male,1142,65,NA
41,33,20,U. olhanensis,NA,FALSE,38,adult,male,1143,56,NA
37,31,20,U. olhanensis,NA,FALSE,30,adult,male,1144,51,NA
46,31,22,U. olhanensis,NA,FALSE,36,adult,male,1145,64,NA
52,45,25,U. olhanensis,NA,FALSE,51,adult,male,1146,74,NA
57,54,23,U. olhanensis,NA,FALSE,53,adult,male,1147,78,NA
34,30,17,U. olhanensis,NA,FALSE,28,adult,male,1148,47,NA
39,33,29,U. olhanensis,NA,FALSE,36,adult,male,1149,55,NA
55,44,26,U. olhanensis,NA,FALSE,53,adult,male,1150,76,NA
62,41,29,U. olhanensis,NA,FALSE,55,adult,male,1151,87,NA
43,27,20,U. olhanensis,NA,FALSE,27,adult,male,1152,56,NA
53,40,24,U. olhanensis,NA,FALSE,53,adult,male,1153,76,NA
47,35,28,U. olhanensis,NA,FALSE,34,adult,male,1154,64,NA
55,42,33,U. olhanensis,NA,FALSE,44,adult,male,1155,77,NA
49,41,27,U. olhanensis,NA,FALSE,42,adult,male,1156,69,NA
38,40,17,U. olhanensis,NA,FALSE,32,adult,male,1157,53,NA
62,56,41,U. olhanensis,NA,FALSE,43,adult,male,1158,87,NA
34,25,19,U. olhanensis,NA,FALSE,20,adult,male,1159,45,NA
34,34,23,U. olhanensis,NA,FALSE,25,adult,male,1160,48,NA
49,39,30,U. olhanensis,NA,FALSE,40,adult,male,1161,68,NA
32,24,17,U. olhanensis,NA,FALSE,31,adult,male,1162,44,NA
51,41,22,U. olhanensis,NA,FALSE,43,adult,male,1163,71,NA
62,63,28,U. olhanensis,NA,FALSE,51,adult,male,1164,87,NA
57,46,40,U. olhanensis,NA,FALSE,51,adult,male,1165,81,NA
39,27,23,U. olhanensis,NA,FALSE,28,adult,male,1166,54,NA
53,47,23,U. olhanensis,NA,FALSE,47,adult,male,1167,75,NA
58,48,29,U. olhanensis,NA,FALSE,52,adult,male,1168,81,NA
51,40,23,U. olhanensis,NA,FALSE,33,adult,male,1169,66,NA
50,49,24,U. olhanensis,NA,FALSE,45,adult,male,1170,71,NA
42,34,17,U. olhanensis,NA,FALSE,32,adult,male,1171,59,NA
56,46,25,U. olhanensis,NA,FALSE,40,adult,male,1172,77,NA
42,28,21,U. olhanensis,NA,FALSE,35,adult,male,1173,58,NA
39,25,26,U. olhanensis,NA,FALSE,27,adult,male,1174,56,NA
54,42,28,U. olhanensis,NA,FALSE,53,adult,male,1175,75,NA
45,33,30,U. olhanensis,NA,FALSE,48,adult,male,1176,64,NA
38,34,20,U. olhanensis,NA,FALSE,27,adult,male,1177,53,NA
57,45,36,U. olhanensis,NA,FALSE,52,adult,male,1178,80,NA
49,42,27,U. olhanensis,NA,FALSE,33,adult,male,1179,69,NA
38,33,17,U. olhanensis,NA,FALSE,25,adult,male,1180,51,NA
58,45,26,U. olhanensis,NA,FALSE,59,adult,male,1181,82,NA
39,23,20,U. olhanensis,NA,FALSE,29,adult,male,1182,47,NA
37,28,17,U. olhanensis,NA,FALSE,30,adult,male,1183,51,NA
34,24,16,U. olhanensis,NA,FALSE,29,adult,male,1184,47,NA
51,46,35,U. olhanensis,NA,FALSE,40,adult,male,1185,72,NA
51,47,31,U. olhanensis,NA,FALSE,44,adult,male,1186,72,NA
57,50,28,U. olhanensis,NA,FALSE,51,adult,male,1187,82,NA
34,28,19,U. olhanensis,NA,FALSE,27,adult,male,1188,47,NA
32,25,20,U. olhanensis,NA,FALSE,33,adult,male,1189,45,NA
51,39,25,U. olhanensis,NA,FALSE,34,adult,male,1190,70,NA
36,35,15,U. olhanensis,NA,FALSE,31,adult,male,1191,50,NA
64,65,34,U. olhanensis,NA,FALSE,55,adult,male,1192,85,NA
66,56,31,U. olhanensis,NA,FALSE,47,adult,male,1193,86,NA
40,32,24,U. olhanensis,NA,FALSE,36,adult,male,1194,53,NA
61,53,28,U. olhanensis,NA,FALSE,58,adult,male,1195,86,NA
61,67,31,U. olhanensis,NA,FALSE,58,adult,male,1196,86,NA
54,49,25,U. olhanensis,NA,FALSE,47,adult,male,1197,75,NA
34,22,17,U. olhanensis,NA,FALSE,24,adult,male,1198,47,NA
45,35,32,U. olhanensis,NA,FALSE,46,adult,male,1199,64,NA
44,37,32,U. olhanensis,NA,FALSE,43,adult,male,1200,62,NA
60,50,33,U. olhanensis,NA,FALSE,51,adult,male,1201,85,NA
64,52,43,U. olhanensis,NA,FALSE,49,adult,male,1202,88,NA
50,39,33,U. olhanensis,NA,FALSE,47,adult,male,1203,69,NA
63,53,36,U. olhanensis,NA,FALSE,55,adult,male,1204,87,NA
43,33,31,U. olhanensis,NA,FALSE,35,adult,male,1205,61,NA
45,42,27,U. olhanensis,NA,FALSE,45,adult,male,1206,61,NA
47,33,30,U. olhanensis,NA,FALSE,40,adult,male,1207,60,NA
57,49,31,U. olhanensis,NA,FALSE,42,adult,male,1208,81,NA
45,37,24,U. olhanensis,NA,FALSE,41,adult,male,1209,63,NA
43,38,25,U. olhanensis,NA,FALSE,33,adult,male,1210,61,NA
63,41,43,U. olhanensis,NA,FALSE,51,adult,male,1211,87,NA
53,38,34,U. olhanensis,NA,FALSE,39,adult,male,1212,75,NA
39,44,23,U. olhanensis,NA,FALSE,33,adult,male,1213,56,NA
33,26,16,U. olhanensis,NA,FALSE,29,adult,male,1214,46,NA
59,51,25,U. olhanensis,NA,FALSE,41,adult,male,1215,82,NA
39,28,16,U. olhanensis,NA,FALSE,30,adult,male,1216,54,NA
57,43,31,U. olhanensis,NA,FALSE,51,adult,male,1217,81,NA
32,23,20,U. olhanensis,NA,FALSE,31,adult,male,1218,45,NA
33,24,19,U. olhanensis,NA,FALSE,32,adult,male,1219,45,NA
57,46,32,U. olhanensis,NA,FALSE,47,adult,male,1220,81,NA
55,42,35,U. olhanensis,NA,FALSE,46,adult,male,1221,76,NA
59,47,28,U. olhanensis,NA,FALSE,41,adult,male,1222,79,NA
62,63,31,U. olhanensis,NA,FALSE,49,adult,male,1223,85,NA
39,25,16,U. olhanensis,NA,FALSE,39,adult,male,1224,55,NA
49,43,34,U. olhanensis,NA,FALSE,39,adult,male,1225,69,NA
63,54,39,U. olhanensis,NA,FALSE,56,adult,male,1226,86,NA
54,39,28,U. olhanensis,NA,FALSE,43,adult,male,1227,76,NA
34,23,18,U. olhanensis,NA,FALSE,22,adult,male,1228,44,NA
32,28,16,U. olhanensis,NA,FALSE,27,adult,male,1229,45,NA
49,51,21,U. olhanensis,NA,FALSE,38,adult,male,1230,69,NA
48,42,20,U. olhanensis,NA,FALSE,34,adult,male,1231,65,NA
39,32,20,U. olhanensis,NA,FALSE,36,adult,male,1232,52,NA
54,41,31,U. olhanensis,NA,FALSE,44,adult,male,1233,76,NA
58,54,38,U. olhanensis,NA,FALSE,53,adult,male,1234,82,NA
46,53,21,U. olhanensis,NA,FALSE,39,adult,male,1235,64,NA
62,55,25,U. olhanensis,NA,FALSE,54,adult,male,1236,87,NA
42,33,19,U. olhanensis,NA,FALSE,38,adult,male,1237,58,NA
53,46,24,U. olhanensis,NA,FALSE,51,adult,male,1238,74,NA
33,28,20,U. olhanensis,NA,FALSE,23,adult,male,1239,47,NA
62,46,31,U. olhanensis,NA,FALSE,44,adult,male,1240,87,NA
49,43,25,U. olhanensis,NA,FALSE,46,adult,male,1241,69,NA
40,32,18,U. olhanensis,NA,FALSE,28,adult,male,1242,51,NA
56,41,26,U. olhanensis,NA,FALSE,52,adult,male,1243,80,NA
